i,address,status,novice_before,novice_after,basis
w37,"321-323 Slack St, Steubenville, OH 43952",ACTIVE (for sale),YELLOW / photo C4; flood factor 1,"YELLOW: C4 on the one listing photo; $27,500 with no condition statement, so heavy deferred maintenance is implied and every system needs an inspection, a sewer scope and written bids (9/28)","mechanical, from the judgment line in the note"
w38,"426 Washington Ave, Huntington, WV 25701",ACTIVE (for sale),YELLOW / photo n/a,"YELLOW: no usable photo (the Zillow page returned only navigation text on three fetches); unit count, condition and legal status unverified; graded YELLOW so the row reaches review, not as a condition read (9/28)","hand, from the verified read named in the cell"
w39,"313-315 Village St, Johnstown, PA 15902",ACTIVE (for sale),YELLOW / photo C4; flood factor 1,"YELLOW: C4 on the one listing photo; documented updates (newer metal roof and 22 windows with transferable warranties, new front porch, updated panel on 315 only, partial bath remodel) ... (9/28)","mechanical, from the judgment line in the note"
w41,"106-108 Messenger St, Johnstown, PA 15902",ACTIVE (for sale),YELLOW / photo C4; flood factor 1,"YELLOW: C4 on the one listing photo; 'handyman special' sold strictly as-is; plumbing and heating repaired and utilities working per owner, some flooring and paint done (9/28)","mechanical, from the judgment line in the note"
w43,"227 Munson Ave, Mc Kees Rocks, PA 15136",ACTIVE (for sale),YELLOW / photo C4; flood factor 9,"YELLOW: C4 on the one listing photo; Redfin flood factor 9 (Chartiers Creek, McKees Rocks), which costs a score point and flood insurance (9/28)","mechanical, from the judgment line in the note"
w40,"713 Mcmillen St, Johnstown, PA 15902",ACTIVE (for sale),YELLOW / photo C4; flood factor 1,"YELLOW: C4 on the one listing photo; pre-1980 with no renovation evidence, overgrown shrub over the porch (9/28)","mechanical, from the judgment line in the note"
w42,"822 Lamont St, Mc Kees Rocks, PA 15136",ACTIVE (for sale),YELLOW / photo C4; flood factor 1,"YELLOW: C4 on the one listing photo; small cottage with a fallen fence section and yard debris in the photo, no condition statement (9/28)","mechanical, from the judgment line in the note"
w44,"1500 Grandview Ave, McKeesport, PA 15132",ACTIVE (for sale),YELLOW / photo C4,"YELLOW: C4 on the one listing photo; roof shows moss and dark staining (age; an insurance issue under file 08), otherwise intact (9/28)","mechanical, from the judgment line in the note"
w45,"509 Transverse Ave, Pittsburgh, PA 15210",ACTIVE (for sale),YELLOW / photo C4; flood factor 1,"YELLOW: C4 on the one listing photo; pre-1980 brick with no renovation evidence, tenanted, sold as-is (9/28)","mechanical, from the judgment line in the note"
w46,"530/532 Woodside Ave, Cumberland, MD 21502",ACTIVE (for sale),YELLOW / photo C4,"YELLOW: C4 on the one listing photo; 'investor special', block foundation with a rough stoop, one upstairs window open, no interior evidence (9/28)","mechanical, from the judgment line in the note"
w47,"509-511 Naylor Rd, Johnstown, PA 15906",ACTIVE (status unverified),GREEN-verify / photo C3,"GREEN-verify: C3 on the one listing photo; 'has been updated' with new doors, roof and landscaping visible; verify the update scope, oil-tank age and insurance (9/28)","mechanical, from the judgment line in the note"
w48,"604-606 Highland Ave, Johnstown, PA 15902",ACTIVE (for sale),YELLOW / photo C4; flood factor 1,"YELLOW: C4 on the one listing photo; the vacant side 'needs repairs and renovation' of unstated scope, which must be bid before the due-diligence deadline (9/28)","mechanical, from the judgment line in the note"
w60,"1992 Starr Ave, Toledo, OH 43605",ACTIVE (for sale),YELLOW / photo C3; flood factor 1,YELLOW: C3 on the one listing photo; built 1904 with no renovation documented (re-sided) (9/28),"mechanical, from the judgment line in the note"
w61,"1996 Starr Ave, Toledo, OH 43605",ACTIVE (for sale),YELLOW / photo C4,"YELLOW: C4 on the one listing photo; the upper tenant is 'in the process of eviction', the lower unit rents for $650 a month and the owner pays all utilities (not separately metered) (9/28)","mechanical, from the judgment line in the note"
w10,"276 Harry L Dr Dr, Johnson City, NY 13790",ACTIVE (for sale),YELLOW / photo C4; flood factor 1,"YELLOW: C4 on the one listing photo; 1910 build with worn porch paint and older shingle siding, no renovation evidence (9/28)","mechanical, from the judgment line in the note"
w49,"708 Lookout Ave, Charleroi, PA 15022",ACTIVE (for sale),YELLOW / photo C4; flood factor 1,YELLOW: C4 on the one listing photo; the second unit is a basement apartment (verify legal egress and permits) (9/28),"mechanical, from the judgment line in the note"
w50,"806 Lynn St, Parkersburg, WV 26101",ACTIVE (for sale),YELLOW / photo C4,"YELLOW: C4 on the one listing photo; rusticated concrete-block 2-story, an upstairs window covered with cardboard or paper in the photo, metal awning (9/28)","mechanical, from the judgment line in the note"
w54,"422 E Division St, New Castle, PA 16101",ACTIVE (for sale),YELLOW / photo C4; flood factor 1,"YELLOW: C4 on the one listing photo; no condition statement or renovation evidence, occupied and tidy in the photo (9/28)","mechanical, from the judgment line in the note"
w12,"47 Lydia St, Binghamton, NY 13905",ACTIVE (for sale),YELLOW / photo C4,"YELLOW: C4 on the one listing photo; 1900 build, no renovation evidence beyond vinyl siding and new brick steps, garage needs work (9/28)","mechanical, from the judgment line in the note"
w56,"934 Ridge St, Mc Kees Rocks, PA 15136",ACTIVE (for sale),YELLOW / photo C4; flood factor 1,"YELLOW: C4 on the one listing photo; peeling porch columns, worn wood stairs, no renovation evidence (9/28)","mechanical, from the judgment line in the note"
w55,"811 10th St, Mc Kees Rocks, PA 15136",ACTIVE (for sale),YELLOW / photo C4; flood factor 1,"YELLOW: C4 on the one listing photo; aluminum siding streaked with rust and soot, old metal awning, rusted fence (9/28)","mechanical, from the judgment line in the note"
w53,"731 Lincoln Ave, Charleroi, PA 15022",ACTIVE (for sale),YELLOW / photo C4; flood factor 5,"YELLOW: C4 on the one listing photo; Redfin flood factor 5 (score -1), pre-1980 with no renovation evidence, one unit vacant (9/28)","mechanical, from the judgment line in the note"
w57,"750 Quincy St, Parkersburg, WV 26101",ACTIVE (for sale),YELLOW / photo C4; flood factor 1,"YELLOW: C4 on the one listing photo; porch roof fascia and trim deteriorating and vines on the walls in the photo, pre-1980 with partial updates (9/28)","mechanical, from the judgment line in the note"
w63,"11910 Chesterfield Ave, Cleveland, OH 44108",ACTIVE (for sale),YELLOW / photo C4; flood factor 1,"YELLOW: C4 on the one listing photo; 'Interior and exterior repairs and updates are needed', sold as-is, scope unstated (9/28)","mechanical, from the judgment line in the note"
w62,"1115 Lincoln Ave, Toledo, OH 43607",ACTIVE (for sale),YELLOW / photo C4; flood factor 1,YELLOW: C4 on the one listing photo; estate sale 'sold as-is... priced for condition' with the scope unstated (9/28),"mechanical, from the judgment line in the note"
w51,"1300 Latrobe St, Parkersburg, WV 26101",ACTIVE (for sale),YELLOW / photo C4; flood factor 1,"YELLOW: C4 on the one listing photo; heavy dark staining on the gable shingles, otherwise intact in the street-view capture (9/28)","mechanical, from the judgment line in the note"
w66,"654 W Sylvania Ave, Toledo, OH 43612",ACTIVE (for sale),YELLOW / photo C3; flood factor 1,"YELLOW: C3 on the one listing photo; with a Gate 3 flag: zoned IL Limited Industrial and the lower unit is a converted space, so a two-family classification must be shown before this counts as a duplex (9/28)","mechanical, from the judgment line in the note"
w11,"613 Walnut St, Elmira, NY 14901",ACTIVE (for sale),YELLOW / photo C3; flood factor 1,"YELLOW: C3 on the one listing photo; 1900 build with no renovation evidence; the only exterior image carries an 'AI generated content' watermark, so the tidy appearance could not be trusted and condition is unverified (9/28)","mechanical, from the judgment line in the note"
w14,"372 Diven Ave, Elmira, NY 14901",ACTIVE (for sale),GREEN-verify / photo C3; flood factor 3,"GREEN-verify: C3 on the one listing photo; remarks claim a gut renovation (new drywall, replaced electric and plumbing, all windows within 3 years, water heaters 2024-2025, insulated walls); needs permits and receipts to confirm (9/28)","mechanical, from the judgment line in the note"
w58,"1214 E Washington St, New Castle, PA 16101",ACTIVE (for sale),YELLOW / photo C4; flood factor 1,"YELLOW: C4 on the one listing photo; pre-1980 brick with no renovation evidence, exterior wooden stair to the upper unit, one unit vacant (9/28)","mechanical, from the judgment line in the note"
w13,"1104 Lake St, Elmira, NY 14901",ACTIVE (for sale),YELLOW / photo C4; flood factor 1,"YELLOW: C4 on the one listing photo; remarks unavailable, so unit count and any renovation claims are unverified (9/28)","mechanical, from the judgment line in the note"
w67,"1433 Kenmore Blvd, Akron, OH 44314",ACTIVE (for sale),YELLOW / photo C3; flood factor 1,YELLOW: C3 on the one listing photo; built 1917 with no renovation itemized (9/28),"mechanical, from the judgment line in the note"
w59,"214 Barron Ave, Johnstown, PA 15906",ACTIVE (status unverified),YELLOW / photo C4,"YELLOW: C4 on the one listing photo; remarks state zoning R-1, so the second unit relies on a nonconforming or unpermitted status (a file 08 RED item if unpermitted; verify with the city before any offer) (9/28)","mechanical, from the judgment line in the note"
w68,"3446 E 125th St, Cleveland, OH 44120",ACTIVE (for sale),GREEN-verify / photo C3; flood factor 1,GREEN-verify: C3 on the one listing photo; both furnaces and hot water tanks replaced in 2021 (9/28),"mechanical, from the judgment line in the note"
w15,"324-326 Diven Ave, Elmira, NY 14901",ACTIVE (for sale),YELLOW / photo C4; flood factor 5,YELLOW: C4 on the one listing photo; flood factor 5 and a 1910 build with no dated renovation evidence (9/28),"mechanical, from the judgment line in the note"
w65,"3248 W 90th St, Cleveland, OH 44102",ACTIVE (for sale),YELLOW / photo C3; flood factor 1,YELLOW: C3 on the one listing photo; built 1900 with no renovation documented ('make it your own') (9/28),"mechanical, from the judgment line in the note"
w69,"206 Ingram Ave SW, Canton, OH 44710",ACTIVE (for sale),YELLOW / photo C3; flood factor 1,YELLOW: C3 on the one listing photo; two 1-bed units (the tract-median rent overstates; run comps) (9/28),"mechanical, from the judgment line in the note"
w16,"90 Gaylord St, Binghamton, NY 13904",ACTIVE (for sale),YELLOW / photo C3; flood factor 1,YELLOW: C3 on the one listing photo; 1920 build with only a vague 'newer updates' claim (9/28),"mechanical, from the judgment line in the note"
w17,"245 N Ruby St, Philadelphia, PA 19139",ACTIVE (for sale),GREEN-verify / photo C3; flood factor 1,GREEN-verify: C3 on the one listing photo; 'updated in 2020' (scope to confirm) with an intact brick exterior; the grandfathered use and prior rental license must be verified with L&I before any offer ... (9/28),"mechanical, from the judgment line in the note"
w7,"1611 Floyd St, Lynchburg, VA 24501",ACTIVE (for sale),YELLOW / photo C4,"YELLOW: C4 on the one listing photo; pre-1980 with no renovation evidence and 'needs updating, sold as-is' (9/28)","mechanical, from the judgment line in the note"
w72,"3601 Memphis Ave, Cleveland, OH 44109",ACTIVE (status unverified),GREEN-verify / photo C3,"GREEN-verify: C3 on the one listing photo; water heaters 2022, electrical panels 2021, new garage door 2022 (9/28)","mechanical, from the judgment line in the note"
w73,"9816 Manor Ave, Cleveland, OH 44104",ACTIVE (status unverified),GREEN-verify / photo C3,"GREEN-verify: C3 on the one listing photo; the remarks list updated electrical, kitchens, bathrooms and water heaters in recent years (9/28)","mechanical, from the judgment line in the note"
w74,"73 Pointview Ave, Dayton, OH 45405",ACTIVE (for sale),YELLOW / photo C4; flood factor 1,YELLOW: C4 on the one listing photo; 'many new windows' but 'additional updates and improvements' still needed (9/28),"mechanical, from the judgment line in the note"
w18,"5700 Kingsessing Ave, Philadelphia, PA 19143",ACTIVE (for sale),YELLOW / photo C4; flood factor 1,"YELLOW: C4 on the one listing photo; remarks unavailable, so unit count and condition claims are unverified (9/28)","mechanical, from the judgment line in the note"
w19,"5830 N 12th St, Philadelphia, PA 19141",ACTIVE (for sale),YELLOW / photo C4; flood factor 1,YELLOW: C4 on the one listing photo; 'needs TLC' with no scope; 1927 build with no renovation evidence (9/28),"mechanical, from the judgment line in the note"
w75,"1247 E 84th St, Cleveland, OH 44103",ACTIVE (for sale),YELLOW / photo C4; flood factor 1,"YELLOW: C4 on the one listing photo; 'potential for renovation', sold as-is where-is (9/28)","mechanical, from the judgment line in the note"
w76,"14002 Idarose Ave, Cleveland, OH 44110",ACTIVE (for sale),YELLOW / photo C4; flood factor 1,"YELLOW: C4 on the one listing photo; generic remarks with no updates listed; bought Feb 2026 at $75,000 and relisted at $115,000 six months later, now $105,000 (9/28)","mechanical, from the judgment line in the note"
w77,"9110 Jeffries Ave, Cleveland, OH 44105",ACTIVE (for sale),YELLOW / photo C4; flood factor 1,YELLOW: C4 on the one listing photo; built 1920 with no updates described ('neutral finishes') (9/28),"mechanical, from the judgment line in the note"
w78,"10001 Sophia Ave, Cleveland, OH 44104",ACTIVE (for sale),YELLOW / photo C4; flood factor 1,"YELLOW: C4 on the one listing photo; likely to fail the 10% bid cap: a first-floor kitchen must be built and one furnace 'likely needs to be replaced' (roughly $12,000 to $18,000 on a $57,500 price) (9/28)","mechanical, from the judgment line in the note"
w20,"5306 Webster St, Philadelphia, PA 19143",ACTIVE (for sale),YELLOW / photo C3; flood factor 1,"YELLOW: C3 on the one listing photo; 1925 build with no renovation evidence; exterior tidy (brick with a yellow bay, two mailboxes, decorative security door) (9/28)","mechanical, from the judgment line in the note"
w79,"13305 Ferris Ave, Cleveland, OH 44105",ACTIVE (for sale),YELLOW / photo C3; flood factor 1,"YELLOW: C3 on the one listing photo; three contracts fell through since July (pending in July, pending 9/11, relisted 9/17) (9/28)","mechanical, from the judgment line in the note"
1,"118 & 120 S Poplar St, Winston Salem, NC 27101",ACTIVE (for sale),"YELLOW, pre-1960 systems unknown","RED: tarped chimney, stair-step foundation crack and porch rot, each a file 08 RED item; C3 finishes, built 1938 (19 MLS frames, 9/15; advisory 33)","hand, from the verified read named in the cell; grade token changed"
w80,"2326 E 95th St, Cleveland, OH 44106",ACTIVE (for sale),YELLOW / photo C3; flood factor 1,"YELLOW: C3 on the one listing photo; remarks unavailable (the Redfin page returned navigation text on four fetches, so condition, rents and unit count are unverified): the photo shows new siding ... (9/28)","mechanical, from the judgment line in the note"
r4,"1114 Lafayette Blvd NW, Roanoke, VA 24017",ACTIVE (for sale),"GREEN, verify renovation / photo C3","YELLOW: C4 in 20 MLS frames; no cooling, electric baseboard upstairs, two rear openings boarded, lead paint presumed; the 9/9 GREEN-verify rested on the remarks' renovation claim, not on the frames (9/15)","hand, from the verified read named in the cell; grade token changed"
w22,"12.5 Franklin St St, Binghamton, NY 13905",ACTIVE (for sale),YELLOW / photo C4; flood factor 6,"YELLOW: C4 on the one listing photo; both units vacant (not boarded) with unstated TLC scope; flood factor 6, itself a YELLOW driver (9/28)","mechanical, from the judgment line in the note"
w71,"4697 E 85th St, Garfield Heights, OH 44125",ACTIVE (for sale),YELLOW / photo C4; flood factor 1,YELLOW: C4 on the one listing photo; in-progress third-floor framing (verify permits; unfinished work) (9/28),"mechanical, from the judgment line in the note"
w8,"1006 Faison St E, Wilson, NC 27893",ACTIVE (for sale),YELLOW / photo C4; flood factor 1,YELLOW: C4 on the one listing photo; 'investor special'; right side lacks kitchen and bath fixtures so that unit is not rentable at closing ... (9/28),"mechanical, from the judgment line in the note"
w24,"1019 Mark Ave, Scranton, PA 18510",ACTIVE (for sale),YELLOW / photo C3,YELLOW: C3 on the one listing photo; second-floor unit 'needs TLC' with no scope (9/28),"mechanical, from the judgment line in the note"
w27,"360 Diven Ave, Elmira, NY 14901",ACTIVE (for sale),YELLOW / photo C4; flood factor 3,"YELLOW: C4 on the one listing photo; 1910 build with no renovation evidence, green mildew staining on the siding and tired trim (9/28)","mechanical, from the judgment line in the note"
40,"223 Spruce St, Suffolk, VA 23434",ACTIVE (for sale),unrated,"not graded: no photo or record read yet; for sale by owner with 27 Zillow photos, built 1955; unit count and condition unverified (remarks only, 9/11)","hand, from the verified read named in the cell"
w21,"31 Crandall St, Binghamton, NY 13905",ACTIVE (for sale),YELLOW / photo C4; flood factor 4,YELLOW: C4 on the one listing photo; 1900 build sold as a 'value-add' with no renovation stated (9/28),"mechanical, from the judgment line in the note"
w28,"1013 John Ave, Scranton, PA 18510",ACTIVE (for sale),YELLOW / photo C3,"YELLOW: C3 on the one listing photo; 1930 build with no renovation evidence; exterior tidy (vinyl siding, intact Victorian porch, stone wall) (9/28)","mechanical, from the judgment line in the note"
w25,"259 Sunset Dr, Corning, NY 14830",ACTIVE (for sale),YELLOW / photo C4; flood factor 1,"YELLOW: C4 on the one listing photo; 1900 build with no renovation evidence; the only photo is a 270-pixel thumbnail, too small to check for RED items, so condition is unverified (9/28)","mechanical, from the judgment line in the note"
39,"3704 Mariner Ave, Portsmouth, VA 23703",ACTIVE (for sale),unrated (renovated per listing),"not graded: no photo read on the board yet; built 1940, renovated side-by-side duplex per the listing, so GREEN-verify once the scope is documented; advisory 60a of 9/25 proposed a read that is not yet assimilated (remarks only, 9/11)","hand, from the verified read named in the cell"
2,"515-517 N Daughtry St, Rocky Mount, NC 27801","ACTIVE (9/25: 100 days, $119,900, 0 cuts)",YELLOW-verify (exterior C4 in every frame 2008-2026; no interiors; no HVAC permit),"YELLOW: C4 exterior in every frame from 2008 to 2026; no interiors, no HVAC permit ever, roof age unknown (at least 12 years), 1940 crawl space, original wood dormer siding, lead paint presumed (2 frames plus 4 dated Street View captures, 9/25)","hand, from the verified read named in the cell"
w81,"12501 Dove Ave, Cleveland, OH 44105",ACTIVE (for sale),YELLOW / photo C4; flood factor 1,"YELLOW: C4 on the one listing photo; one unit not rent-ready, sold as-is and the seller makes no repairs (9/28)","mechanical, from the judgment line in the note"
w30,"33 Lydia St, Binghamton, NY 13905",ACTIVE (for sale),YELLOW / photo C3,YELLOW: C3 on the one listing photo; 1920 build sold as-is with no renovation evidence (9/28),"mechanical, from the judgment line in the note"
w23,"40 Robinson St, Binghamton, NY 13901",ACTIVE (for sale),YELLOW / photo C4; flood factor 1,"YELLOW: C4 on the one listing photo; 1929 build with no renovation evidence; the listing photo is a rear view with stained siding, a cluttered rear porch and yard (9/28)","mechanical, from the judgment line in the note"
w33,"127 Burbank Ave, Johnson City, NY 13790",ACTIVE (for sale),YELLOW / photo C4; flood factor 1,"YELLOW: C4 on the one listing photo; bought Nov 2025 for $65,500 and relisted at $150,000 with no work described, so ask for the renovation scope and permits (9/28)","mechanical, from the judgment line in the note"
10,"556 Bellwood Rd Unit A, Newport News, VA 23607",ACTIVE (for sale),YELLOW,"YELLOW: C4 on the front photo, built 1938, no renovation language (9/9)","hand, from the verified read named in the cell"
w26,"226 Crete Ave, Elmira, NY 14901",ACTIVE (for sale),YELLOW / photo C4; flood factor 4,"YELLOW: C4 on the one listing photo; 1860 build, chalking and peeling paint on the clapboard (a lead-safe repaint job), no renovation evidence (9/28)","mechanical, from the judgment line in the note"
8,"202 Lee St NE, Wilson, NC 27893",ACTIVE (for sale),YELLOW,"YELLOW: C4 in 11 MLS frames; Unit A repainted and refloored but its kitchen incomplete (one sink base, no uppers, range, fridge or hood), water heater in the hall; no cooling, electric floor and wall furnaces per the county card; Unit B unseen (9/16)","hand, from the verified read named in the cell"
w31,"17 Way St, Binghamton, NY 13901",ACTIVE (for sale),YELLOW / photo C4; flood factor 1,"YELLOW: C4 on the one listing photo; 1920 build with no renovation evidence, broken porch skirting and older shingle siding (9/28)","mechanical, from the judgment line in the note"
3,"163 Choate St, Portsmouth, VA 23707",ACTIVE (for sale),"YELLOW, pre-1960 systems unknown; flood factor 5","YELLOW: C4 in 27 MLS frames; both units vacant, MLS 'Fixer upper', unit B carpet worn, two heat-pump condensers, new rear steps; no RED item; flood factor 5, itself a YELLOW driver (9/16)","hand, from the verified read named in the cell"
7,"1934 Oakland St, Petersburg, VA 23805",ACTIVE (for sale),"GREEN, verify renovation scope","GREEN-verify: C3 with a documented renovation, built 1946; the 43 MLS frames are the 2023 lease-up set and the building has been vacant since; renovation scope to confirm (9/15)","hand, from the verified read named in the cell; grade token changed"
12,"4102 Richland Ave NW, Roanoke, VA 24012",ACTIVE (for sale),"YELLOW, pre-1980 systems unknown","YELLOW: C3 on the front photo, built 1973, no renovation language, so pre-1980 systems unknown (9/9)","hand, from the verified read named in the cell"
15,"104 Day Street St, Suffolk, VA 23434",ACTIVE (for sale),YELLOW,"YELLOW: C4 on the front photo, built 1754 per the record; the only photo is a third-party Street View, so condition is a verification demand (9/15)","hand, from the verified read named in the cell"
r7,"207 Tunstall Ave, Blackstone, VA 23824",ACTIVE (for sale),YELLOW / photo C4,"YELLOW: C4 in 14 MLS frames; open porch ceiling, tree over the roof, fiberboard ceiling tiles to test for asbestos, lead paint presumed; basement and drive-under garage unseen (9/16)","hand, from the verified read named in the cell"
r4,"515 Albemarle Ave SE, Roanoke, VA 24013",ACTIVE (for sale),YELLOW / photo C3-C4,"YELLOW: C3 to C4 on the one listing photo, built before 1980; no renovation detail beyond charm language (round 4, 9/11)","hand, from the verified read named in the cell"
r6,"325 Ranch Farm Rd Unit A - B, Raleigh, NC 27603",ACTIVE (for sale),YELLOW / photo C3-C4,"RED pending: the second unit is a 480 sf addition with no permit of record, a file 08 RED item (county card single-family, Wake layer verified); C3 to C4 finishes (36 MLS frames, 9/19)","hand, from the verified read named in the cell; grade token changed"
w5,"413-415 Gilmer Cir, Reidsville, NC 27320","ACTIVE (for sale; ENTRANT-HOLD 9/25; G6 fails at the ask, passes at or under 140,800 at 6.75 / 134,500 at 7.40)",YELLOW / C4 (413 seen; 415 unseen; HVAC stripped since 2016),"YELLOW: C4 in 11 MLS frames of the 413 side; 415 unseen; HVAC stripped since 2016; flood factor 7, itself a YELLOW driver (9/25)","hand, from the verified read named in the cell"
r10,"610 /612 S 2nd St, Pinetops, NC 27864",ACTIVE (for sale) - PARK behind a written Town zoning determination (9/25),"YELLOW-walk / photo C3 interior, C4 exterior (9 frames)","YELLOW: C3 interiors on both sides, C4 exterior (porch beam on 2x4 posts, broken slab edge, bare fascia, 3-tab roof of unknown age, crushed foundation louver); kitchens in frames 4 and 8 unfinished, crawl space unseen (9 MLS frames, 9/25)","hand, from the verified read named in the cell"
w82,"16523 Kipling Ave, Cleveland, OH 44110",ACTIVE (for sale),YELLOW / photo C4; flood factor 1,"YELLOW: C4 on the one listing photo; three contracts fell through this year (pending in January, contingent in March, pending in June, relisted in September), which points to an inspection or appraisal problem (9/28)","mechanical, from the judgment line in the note"
w32,"34 Pearne St, Binghamton, NY 13901",ACTIVE (for sale),YELLOW / photo C4; flood factor 3,"YELLOW: C4 on the one listing photo; vacant (not boarded), 1900 build, moss on the porch roof shingles (roof age question), no renovation evidence (9/28)","mechanical, from the judgment line in the note"
w9,"4 12 1/2 St SW, Roanoke, VA 24016",ACTIVE (for sale),YELLOW / photo C4; flood factor 1,"YELLOW: C4 on the one listing photo; pre-1980 with no renovation evidence; fully vacant (not boarded), 389 days on market with a contract that went pending in May and fell through in June plus six price cuts ... (9/28)","mechanical, from the judgment line in the note"
w29,"299 Robinson St, Binghamton, NY 13904",ACTIVE (for sale),GREEN-verify / photo C3; flood factor 1,"GREEN-verify: C3 on the one listing photo; newer roof, windows, furnaces, hot water tanks and central air per the remarks (dates to confirm) (9/28)","mechanical, from the judgment line in the note"
16,"407 Industrial Ave, Danville, VA 24541",ACTIVE (for sale),YELLOW,"YELLOW: C4 on the front photo, built 1940, no renovation language (9/9)","hand, from the verified read named in the cell"
9,"208 Scarborough St Unit A AND B, Spring Lake, NC 28390","ACTIVE (for sale) - PARK, fails G5 at the building's own $795 rent (9/25)","YELLOW-verify / C3 interiors, C3-C4 exterior; 2012-era condensers; occupied unit unseen","YELLOW: C3 interiors of the 2026 unit, C3 to C4 exterior; occupied unit unseen since its 2023 ad; crawl space, chimneys, low-slope rear roof, water heater without a pan and 2012-vintage condensers to inspect (8 current frames plus the 2021 gallery, 9/25)","hand, from the verified read named in the cell"
17,"215 Saint Andrew St, Petersburg, VA 23803",ACTIVE (for sale),YELLOW; flood factor 5,"YELLOW: C4 on the front photo, built 1914, no renovation language; flood factor 5, itself a YELLOW driver (9/9)","hand, from the verified read named in the cell"
27,"639 Conover Rd, Durham, NC 27703",ACTIVE (for sale),GREEN,"GREEN: C1, built 2025; moot after the Gate 3 FAIL (89 frames spot-checked, 9/26)","hand, from the verified read named in the cell"
w34,"28 Glenwood Ave, Binghamton, NY 13905",ACTIVE (for sale),YELLOW / photo C4; flood factor 4,YELLOW: C4 on the one listing photo; 1895 build with no renovation evidence; the aerial shows a rusting corrugated metal roof over the rear section (roof age and insurance question) (9/28),"mechanical, from the judgment line in the note"
18,"126 & 128 Troy Ave NE, Roanoke, VA 24012",ACTIVE (for sale),YELLOW,"YELLOW: C4 in 20 MLS frames; two detached cottages of about 1973, no ranges or refrigerators, painted subfloors, no cooling, electric hydronic boiler without a flue, tree limb over the roof (9/16)","hand, from the verified read named in the cell"
w36,"5 Julian St, Binghamton, NY 13905",ACTIVE (for sale),YELLOW / photo C4; flood factor 3,YELLOW: C4 on the one listing photo; 1940 build sold as-is with no renovation evidence (9/28),"mechanical, from the judgment line in the note"
w35,"67 S Washington St, Binghamton, NY 13903",ACTIVE (for sale),YELLOW / photo C4; flood factor 1,"YELLOW: C4 on the one listing photo; exterior envelope renewed around 2018 per the remarks, interior 'add value' with no scope (9/28)","mechanical, from the judgment line in the note"
25,"7 Barney Pl, Portsmouth, VA 23702",ACTIVE (for sale),"RED: vacant unit stripped to subfloor, sections open to the joists (MLS photos, 9/14, file 31); flood factor 5","RED: vacant unit stripped to the subfloor with sections open to the joists (wet-wall footprint), a file 08 RED item; flood factor 5 (14 MLS frames, 9/14; file 31)","hand, from the verified read named in the cell"
r10,"133 Hugh Caldwell Rd, Charlotte, NC 28214",ACTIVE (for sale),GREEN-verify / photo C3,"YELLOW: C3 exterior on the one usable MLS frame (the second evidence frame shows 201 Hugh Caldwell, the wrong building), built 1945; upfit permits finaled 1/2024 are the only renovation evidence, interiors unseen; the round-10 GREEN-verify rested on the front photo (9/16)","hand, from the verified read named in the cell; grade token changed"
19,"2326 Elm Ave, Portsmouth, VA 23704",ACTIVE (for sale),"YELLOW, pre-1960 systems unknown; flood factor 7","YELLOW: C3 on the front photo, built 1924, no renovation language, so pre-1960 systems unknown; flood factor 7, itself a YELLOW driver (9/9)","hand, from the verified read named in the cell"
13,"2102 Rogers Dr, Fayetteville, NC 28303",ACTIVE (for sale),YELLOW,"YELLOW: C4 exterior (three-tab roof streaked in 2022 and debris-laden in 2026, no gutters, original wood sash with failed paint); the 33 frames mix the 2022 sale set of Unit B with 2026 phone photos of both occupied units; the 9/9 'GREEN pending proof of renovation' is withdrawn (9/23)","hand, from the verified read named in the cell"
14,"814 Varsity Dr Unit A-B, Fayetteville, NC 28304",ACTIVE (for sale),GREEN-verify,"GREEN-verify: Unit A interior C3 (fresh cosmetic turn over 1983 all-electric systems), exterior C3; Unit B unseen (15 MLS frames, 9/23)","hand, from the verified read named in the cell"
24,"749 Mt Airy St, Petersburg, VA 23803",ACTIVE (for sale),YELLOW,"YELLOW: C4 on the 9/9 front photo and C3 on the 9/21 Zillow photo, built 1974; the listing's renovation language unverified (front photos only, 9/9 and 9/21)","hand, from the verified read named in the cell"
r7,"605 Washington St, Laurinburg, NC 28352",ACTIVE (for sale),YELLOW / photo C4,"YELLOW: C4 exterior in 2 MLS frames (painted-block side-by-side, two window AC units, bare yard, chain-link); one occupied bathroom interior; no kitchen, heat or roof frames (9/19)","hand, from the verified read named in the cell"
37,"301 S High St, Franklin, VA 23851",ACTIVE (for sale),YELLOW: C4 and built 1900; public record single-family,"YELLOW: C4 on the front photo, built 1900; public record says single-family (9/9)","hand, from the verified read named in the cell"
23,"28-30 Hillcrest Ave NE, Roanoke, VA 24012",ACTIVE (for sale),YELLOW,"YELLOW: C4 on the front photo, built 1967, no renovation language (9/9)","hand, from the verified read named in the cell"
22,"108 S Pine St, Rocky Mount, NC 27804",ACTIVE (for sale),"YELLOW, pre-1960 systems unknown; flood factor 6","YELLOW: C3 on the front photo, built 1950, no renovation language; 4 MLS frames with no kitchens, baths or mechanicals; flood factor 6, itself a YELLOW driver (9/15)","hand, from the verified read named in the cell"
36,"1121 35th St, Newport News, VA 23607",ACTIVE (for sale),"YELLOW: 1930, kitchen/bath updates per listing but systems unknown; flood factor 4","YELLOW: C3, built 1930; kitchen and bath updates per the listing but systems unknown; the one frame is a Google Street View of May 2026 (9/15)","hand, from the verified read named in the cell"
0,"334 Rhew St, Fayetteville, NC 28303",ACTIVE (for sale),YELLOW,"YELLOW: C4 on the front photo, built 1959, no renovation language; the only MLS photo is a 2020 Street View, so condition is a verification demand (9/15)","hand, from the verified read named in the cell"
r4,"1021 Penmar Ave SE, Roanoke, VA 24013",ACTIVE (for sale),YELLOW / photo C3,"GREEN-verify: vinyl siding, replacement windows, two condensers and laundry in both units in 26 MLS frames; renovation dates to confirm; reclassified from YELLOW on 9/15 (9/15)","hand, from the verified read named in the cell; grade token changed"
6,"417 Squirrel St, Fayetteville, NC 28303",ACTIVE (for sale),YELLOW verify (45 frames 9/19),"YELLOW: C3 to C4 renovated units and C5-leaning unfinished units in 45 shared MLS frames; surface-run romex evidenced in one unit, capped stub-outs and no range in frame 45, broken slabs and a block-wall fragment at the 417 line; mini-split heads plus baseboard heat (9/19)","hand, from the verified read named in the cell"
4,"421 Squirrel St, Fayetteville, NC 28303",ACTIVE (for sale),YELLOW verify (45 frames 9/19),"YELLOW: C3 to C4 renovated units and C5-leaning unfinished units in 45 shared MLS frames; surface-run romex evidenced in one unit, capped stub-outs and no range in frame 45, broken slabs and a block-wall fragment at the 417 line; mini-split heads plus baseboard heat (9/19)","hand, from the verified read named in the cell"
5,"425 Squirrel St, Fayetteville, NC 28303",ACTIVE (for sale),YELLOW verify (45 frames 9/19),"YELLOW: C3 to C4 renovated units and C5-leaning unfinished units in 45 shared MLS frames; surface-run romex evidenced in one unit, capped stub-outs and no range in frame 45, broken slabs and a block-wall fragment at the 417 line; mini-split heads plus baseboard heat (9/19)","hand, from the verified read named in the cell"
30,"1702 Birchwood Dr SE, Wilson, NC 27893",ACTIVE (for sale),YELLOW,YELLOW: C4 exterior on a single MLS frame; roofs streaked and mossy (original 1990-92 roofs assumed); no interiors (9/16),"hand, from the verified read named in the cell"
31,"1706 Birchwood Dr SE, Wilson, NC 27893",ACTIVE (for sale),YELLOW,YELLOW: C4 exterior on a single MLS frame; roofs streaked and mossy (original 1990-92 roofs assumed); no interiors (9/16),"hand, from the verified read named in the cell"
32,"1707 Birchwood Dr SE, Wilson, NC 27893",ACTIVE (for sale),YELLOW,YELLOW: C4 exterior on a single MLS frame; roofs streaked and mossy (original 1990-92 roofs assumed); no interiors (9/16),"hand, from the verified read named in the cell"
33,"1703 Birchwood Dr SE, Wilson, NC 27893",ACTIVE (for sale),YELLOW,YELLOW: C4 exterior on a single MLS frame; roofs streaked and mossy (original 1990-92 roofs assumed); no interiors (9/16),"hand, from the verified read named in the cell"
r4,"741-745 Tamarack Dr, Fayetteville, NC 28311","ACTIVE (for sale by owner, FSBO.com)",YELLOW unverified (all 5 frames are the 2017 MLS set; no interior ever shown; roof/HVAC claims are 2017 recollections),YELLOW: no current photo; all 5 evidence frames are the October 2017 MLS set and the 2026 listing's only image is a map-app street-level screenshot; no interior ever shown; roof and HVAC claims are 2017 recollections (9/24),"hand, from the verified read named in the cell"
38,"716 31st St, Newport News, VA 23607",ACTIVE (for sale),"YELLOW: 1940, updated windows/HVAC/LVP per listing; flood factor 6; interior-only photos","YELLOW: C3 on the listing's interior-only photos, built 1940; updated windows, HVAC and LVP per the listing, unverified; exterior unseen; flood factor 6, itself a YELLOW driver (9/11)","hand, from the verified read named in the cell"
r5,"307 S Jacob St, Cherryville, NC 28021",ACTIVE (CLOSE 9/25),YELLOW / photo C3,"YELLOW: C3 exterior; the 9/25 re-read of 15 MLS frames shows an unvented wall heater on a flex line (fuel source unverified), a capped floor stub with a receptacle and an electric water heater beside the toilet (9/25)","hand, from the verified read named in the cell"
29,"1708 Birchwood Dr SE, Wilson, NC 27893",ACTIVE (for sale),YELLOW; flood factor 6,"YELLOW: C4 exterior on a single winter-2025 MLS frame; its brown roof reads newer than its four siblings; no interiors; flood factor 6, itself a YELLOW driver (9/16)","hand, from the verified read named in the cell"
11,"2316 Edgar St, Fayetteville, NC 28301",ACTIVE (for sale),YELLOW,"YELLOW: C4 exterior in 4 frames (two-gang meter stack, hardboard lap siding with face nails and mildew banding, no gutters under an oak canopy, lifted shingle tab, algae streak below the line-set penetration); no interior evidenced; no RED item (9/20)","hand, from the verified read named in the cell"
w6,"307 N Church St, Clayton, NC 27520","ACTIVE (for sale by owner; NEAR-MISS, PARK, Z-RISK 9/26; G5 and G6 fail at every supported rent)",YELLOW / C3-C4 upper (2026 rental frames); lower unseen since the 2013 gutted-kitchen frames,"YELLOW: C3 to C4 upper unit in the 2026 rental frames (new finishes over 1952 supply); lower unit unseen since the 2013 gutted-kitchen frames; crawl space by the creek and the propane-to-gas history to verify (22 frames, 9/26)","hand, from the verified read named in the cell"
26,"2614 Pecan Dr, Fayetteville, NC 28303",ACTIVE (for sale),YELLOW (walk: exterior bids 2-4x the 10% cap; RED candidates open),"YELLOW: C4 exterior, no RED item visible; walks under file 08 because the visible exterior list alone runs 2 to 4 times the 10 percent bid cap; RED candidates open (1946 wiring and panel, heat type, asbestos-shingle siding, permits) (2 MLS frames, 9/24)","hand, from the verified read named in the cell"
w09-14,"2311 Nickey Ave, Fayetteville, NC 28301",ACTIVE (for sale),YELLOW / photo C4,"YELLOW: C4 in 20 MLS frames; cosmetic turn on a 1963 shell, algae-streaked siding, space heater in unit A (9/15)","hand, from the verified read named in the cell"
w52,"312 N 7th St, Martins Ferry, OH 43935",CONTINGENT (2026-09-28),GREEN-verify / photo C3,"GREEN-verify: C3 on the one listing photo; recent plumbing, electric and HVAC improvements per remarks (get invoices) (9/28)","mechanical, from the judgment line in the note"
w64,"12500 Ferris Ave, Cleveland, OH 44105",CONTINGENT (2026-09-28),YELLOW / photo C4,"YELLOW: C4 on the one listing photo; already CONTINGENT on Zillow; the '$2,400 per month' is a Fair Market Rent estimate, not a lease (9/28)","mechanical, from the judgment line in the note"
w70,"840 Work Dr, Akron, OH 44320",CONTINGENT (2026-09-28),YELLOW / photo C3,"YELLOW: C3 on the one listing photo, graded only so the row reaches review; no remarks retrievable (the page returned navigation text), unit count unverified; CONTINGENT on Zillow (9/28)","hand, from the verified read named in the cell"
35,"27 Carver Cir, Portsmouth, VA 23701",CONTINGENT (2026-09-28),YELLOW: 1942 brick; second unit needs renovation per listing; no photo; bids required,"YELLOW: 23 exterior MLS frames, no interiors; 1942 brick; the second unit needs renovation per the listing, so written bids are required (9/15)","hand, from the verified read named in the cell"
w09-14,"132 Kemper Rd Unit A & B, Danville, VA 24541",OFF MARKET (2026-09-28),YELLOW / photo C4; flood factor 1,YELLOW: C4 interiors and a C5 bath in 16 MLS frames over two sessions; no RED item (9/15),"hand, from the verified read named in the cell"
r4,"503 Granville St, Oxford, NC 27565",OFF MARKET (2026-09-28),"YELLOW with named targets (30 frames: upper turn, stacked water signature, toilet platform, porch ceiling and beam; no mechanicals shown; lower heat unknown)","YELLOW: C3 exterior, C3 to C4 lower unit, C4 upper unit needing a turn; inspection targets named (upper turn, stacked water signature, toilet on a raised platform, porch ceiling and beam); no mechanicals shown, lower heat unknown (30 MLS frames, 9/24)","hand, from the verified read named in the cell"
r5,"117 Motley Ave, Danville, VA 24540",OFF MARKET (2026-09-28),YELLOW / photo C4,"YELLOW: C4 on the round-5 front photo, built 1915; 18 MLS frames plus the assessor's 2023 photo show three households, a Gate 3 disqualifier (9/15)","hand, from the verified read named in the cell"
20,"224 S Jefferson St, Petersburg, VA 23803","PENDING (Sep 10, 2026)",YELLOW,"YELLOW: C4 on the front photo, built 1900, renovation language unverified (9/9)","hand, from the verified read named in the cell"
41,"739 S Rosemont Rd, Virginia Beach, VA 23452",CONTINGENT (2026-09-28),"YELLOW (sold as-is, 5+ yr tenants)","YELLOW: no photo read on the board yet; built 1999, sold as-is with month-to-month tenants of five-plus years; advisory 58b of 9/25 read six exterior frames at C3 with no interior, roof or mechanical evidence, not yet assimilated (remarks only, 9/11)","hand, from the verified read named in the cell"
28,"306 & 308 Troy Ave NE, Roanoke, VA 24012",PENDING (2026-09-21),GREEN,"GREEN: C2 on the front photo, built 1984, renovation language in the listing (9/9)","hand, from the verified read named in the cell"
34,"125 The Blvd, Eden, NC 27288","PENDING / CONTINGENT (Sep 16, 2026)","GREEN, verify renovation scope","YELLOW: C2 to C3 finishes in 36 MLS frames, but a 1930 masonry storefront converted to two 2BR units; new TPO roof; small high bedroom windows raise an egress question; the 9/9 GREEN-verify is withdrawn (9/16)","hand, from the verified read named in the cell; grade token changed"
21,"918 Star St, Rocky Mount, NC 27804",WITHDRAWN 9/23 (sale) + rental pulled 9/21; OFF MARKET 9/25,GREEN-verify (C2-C3 frames; 2007/2012 floor-joist permits; 2022-2024 boarded; no crawl or panel frame),"GREEN-verify: C2 to C3 in 33 frames; the structure below the floor is the documented weak point (2007 joist permits at both units, 2012 floor patch, 2021 'dilapidated', boarded 2022 to 2024); two chimneys removed and roof re-covered in 2025 without a visible permit trail; no crawl or panel frame (9/25)","hand, from the verified read named in the cell"
w4,"429 Squirrel St, Fayetteville, NC 28303",OFF MARKET (2026-09-21),"YELLOW verify, leaning worse (condition FAIR 66% on the county card)","YELLOW: the same 45 shared MLS frames as 417 to 425, but the county card rates its condition FAIR 66 percent, the only non-A of the four, so it leans worse (9/19)","hand, from the verified read named in the cell"
r6,"306 Auburndale St, Winston Salem, NC 27104","OUT (9/25: Gate 3 answered No to SFR + ADU; documented roll fails G5/G6; still listed ACTIVE at 225,000)","YELLOW-verify (8 frames, 1 unit shown; basement post-and-brace beam, wall band, chimney stack, half-story egress; no RED visible)","YELLOW: lower unit C4 in 8 frames (kitchen, living room, two bedrooms, bath); upper unit unseen; basement post-and-brace beam, wall band, chimney stack and half-story egress to inspect; no RED item visible (9/25)","hand, from the verified read named in the cell"
