property,board_P_and_date,ask,addressee,drafted_in,drafted_on,sent_on,channel,response_on,outcome,kills_or_clears,notes
"104 Day Street St, Suffolk, VA 23434",0.33 (9/15),interior photos both units,listing agent or seller,33c,2026-09-14,,,,,,
"104 Day Street St, Suffolk, VA 23434",0.33 (9/15),heat type,listing agent or seller,33c,2026-09-14,,,,,,
"104 Day Street St, Suffolk, VA 23434",0.33 (9/15),both leases,listing agent or seller,33c,2026-09-14,,,,,,
"104 Day Street St, Suffolk, VA 23434",0.33 (9/15),downtown Suffolk 2BR block comps,listing agent or seller,33c,2026-09-14,,,,,,
"104 Day Street St, Suffolk, VA 23434",0.33 (9/15),Shentel capture date,listing agent or seller,33c,2026-09-14,,,,,,
"1114 Lafayette Blvd NW, Roanoke, VA 24017",0.33 (9/15),WVWA account structure and any bill-back clause,utility or city,33c,2026-09-14,,,,,,
"1114 Lafayette Blvd NW, Roanoke, VA 24017",0.33 (9/15),furnace age,listing agent or seller,33c,2026-09-14,,,,,,
"1114 Lafayette Blvd NW, Roanoke, VA 24017",0.33 (9/15),permit for electrical upgrade,listing agent or seller,33c,2026-09-14,,,,,,
"1114 Lafayette Blvd NW, Roanoke, VA 24017",0.33 (9/15),reason rear openings were closed,listing agent or seller,33c,2026-09-14,,,,,,
"163 Choate St, Portsmouth, VA 23707",0.33 (9/16),Both water bills (161 and 163) for 12 months,utility or city,37c,2026-09-16,,,,,,
"163 Choate St, Portsmouth, VA 23707",0.33 (9/16),Why the 2021 and May 2026 listings failed and any prior inspection reports,listing agent or seller,37c,2026-09-16,,,,,,
"163 Choate St, Portsmouth, VA 23707",0.33 (9/16),Rental inspection district membership and certificate status,listing agent or seller,37c,2026-09-16,,,,,,
"163 Choate St, Portsmouth, VA 23707",0.33 (9/16),"Ages of roof, heat pumps and water heaters",listing agent or seller,37c,2026-09-16,,,,,,
"163 Choate St, Portsmouth, VA 23707",0.33 (9/16),Lead service line replacement plan for the block,utility or city,37c,2026-09-16,,,,,,
"27 Carver Cir, Portsmouth, VA 23701",0.30 (9/16),rent on the Feb 2027 lease,listing agent or seller,33c,2026-09-14,,,,,,
"27 Carver Cir, Portsmouth, VA 23701",0.30 (9/16),both leases,listing agent or seller,33c,2026-09-14,,,,,,
"27 Carver Cir, Portsmouth, VA 23701",0.30 (9/16),heat type,listing agent or seller,33c,2026-09-14,,,,,,
"27 Carver Cir, Portsmouth, VA 23701",0.30 (9/16),water metering,listing agent or seller,33c,2026-09-14,,,,,,
"27 Carver Cir, Portsmouth, VA 23701",0.30 (9/16),interior access if contract fails,listing agent or seller,33c,2026-09-14,,,,,,
"202 Lee St NE, Wilson, NC 27893",0.25 (9/16),Unit B lease and actual rent,listing agent or seller,39c,2026-09-16,,,,,,
"202 Lee St NE, Wilson, NC 27893",0.25 (9/16),Unit B interior photos and finish condition (heat type is answered by the county card),listing agent or seller,39c,2026-09-16,,,,,,
"202 Lee St NE, Wilson, NC 27893",0.25 (9/16),Roof age,listing agent or seller,39c,2026-09-16,,,,,,
"202 Lee St NE, Wilson, NC 27893",0.25 (9/16),"Whether Unit A has a range circuit, and who supplies the appliances",listing agent or seller,39c,2026-09-16,,,,,,
"202 Lee St NE, Wilson, NC 27893",0.25 (9/16),Why the July contract failed after eight days,listing agent or seller,39c,2026-09-16,,,,,,
"202 Lee St NE, Wilson, NC 27893",0.25 (9/16),The city's lead service line determination letter,city or town office,39c,2026-09-16,,,,,,
"202 Lee St NE, Wilson, NC 27893",0.25 (9/16),Which city utility base charges are per meter and which are per dwelling unit,utility or city,39c,2026-09-16,,,,,,
"202 Lee St NE, Wilson, NC 27893",0.25 (9/16),To the assessor: what ratio study 1073 means for the stated 2029 revaluation,city or town office,39c,2026-09-16,,,,,,
"413-415 Gilmer Cir, Reidsville, NC 27320","0.08 (9/25), ENTRANT-HOLD","Is anyone living in 415, what is posted on 413's door, and was tenant property left behind",listing agent or seller,57c,2026-09-25,,,,,,
"413-415 Gilmer Cir, Reidsville, NC 27320","0.08 (9/25), ENTRANT-HOLD","Last leases and rent history for both units, and whether either was a voucher tenancy",listing agent or seller,57c,2026-09-25,,,,,,
"413-415 Gilmer Cir, Reidsville, NC 27320","0.08 (9/25), ENTRANT-HOLD","415 bed and bath count, interior photos and walkthrough access",listing agent or seller,57c,2026-09-25,,,,,,
"413-415 Gilmer Cir, Reidsville, NC 27320","0.08 (9/25), ENTRANT-HOLD","Roof replacement date, City of Reidsville permit, invoice and warranty; cause of the 2022 tarp; any interior water damage and repair",listing agent or seller,57c,2026-09-25,,,,,,
"413-415 Gilmer Cir, Reidsville, NC 27320","0.08 (9/25), ENTRANT-HOLD","What the floor registers served, fuel and removal date; any heating-oil tank and its closure paperwork; cooling history",listing agent or seller,57c,2026-09-25,,,,,,
"413-415 Gilmer Cir, Reidsville, NC 27320","0.08 (9/25), ENTRANT-HOLD",Range location and 240-volt circuit; appliances that convey,listing agent or seller,57c,2026-09-25,,,,,,
"413-415 Gilmer Cir, Reidsville, NC 27320","0.08 (9/25), ENTRANT-HOLD","Water heater age and location; electrical panel amperage, breakers or fuses, service date",listing agent or seller,57c,2026-09-25,,,,,,
"413-415 Gilmer Cir, Reidsville, NC 27320","0.08 (9/25), ENTRANT-HOLD",Water and electric meter counts; who pays water and sewer; how city trash is billed,listing agent or seller,57c,2026-09-25,,,,,,
"413-415 Gilmer Cir, Reidsville, NC 27320","0.08 (9/25), ENTRANT-HOLD",Whether the vinyl covers asbestos-cement siding and any test results,listing agent or seller,57c,2026-09-25,,,,,,
"413-415 Gilmer Cir, Reidsville, NC 27320","0.08 (9/25), ENTRANT-HOLD","Crawlspace moisture, vapor barrier, standing water, sill condition, drainage work",listing agent or seller,57c,2026-09-25,,,,,,
"413-415 Gilmer Cir, Reidsville, NC 27320","0.08 (9/25), ENTRANT-HOLD",Survey or plat; any issue along the north line with 417 Gilmer Cr,listing agent or seller,57c,2026-09-25,,,,,,
"413-415 Gilmer Cir, Reidsville, NC 27320","0.08 (9/25), ENTRANT-HOLD",Permits pulled since 2018,listing agent or seller,57c,2026-09-25,,,,,,
"413-415 Gilmer Cir, Reidsville, NC 27320","0.08 (9/25), ENTRANT-HOLD",Liens to be paid at closing and whether one deed of trust covers other group parcels,listing agent or seller,57c,2026-09-25,,,,,,
"413-415 Gilmer Cir, Reidsville, NC 27320","0.08 (9/25), ENTRANT-HOLD","Whether the Triad LLC would accept 128,000 to 132,000, alone or with 403 Thomas St or 337 S Branch St",listing agent or seller,57c,2026-09-25,,,,,,
"610 /612 S 2nd St, Pinetops, NC 27864","0.02 (9/25), PARK behind a Town determination",Town: district on the adopted Official Zoning Map,city or town office,50c,2026-09-23,,,,,,
"610 /612 S 2nd St, Pinetops, NC 27864","0.02 (9/25), PARK behind a Town determination","Town: legal nonconforming status and no cessation over 180 days since 11/2022, checked against utility billing for 610 and 612",city or town office,50c,2026-09-23,,,,,,
"610 /612 S 2nd St, Pinetops, NC 27864","0.02 (9/25), PARK behind a Town determination","Town: zoning permit for the 2025-26 work, date and use; whether it counts as major repair above 60 percent of tax value",city or town office,50c,2026-09-23,,,,,,
"610 /612 S 2nd St, Pinetops, NC 27864","0.02 (9/25), PARK behind a Town determination",Town: sewer moratorium permits for the 2026 sewer work; water meter count; lead service line inventory entries,city or town office,50c,2026-09-23,,,,,,
"610 /612 S 2nd St, Pinetops, NC 27864","0.02 (9/25), PARK behind a Town determination",Agent (after the Town answers): permits and finals; occupancy since 11/2022; who pays water; crawl access; wood-destroying insect report; roof age; chimney; unfinished items; porch plan; lead disclosure; lien agent,listing agent or seller,50c,2026-09-23,,,,,,
"610 /612 S 2nd St, Pinetops, NC 27864","0.02 (9/25), PARK behind a Town determination","Closing attorney: LiensNC, lien waivers, owner affidavit, mechanics lien coverage, demolition-lien search",closing attorney,50c,2026-09-23,,,,,,
"610 /612 S 2nd St, Pinetops, NC 27864","0.02 (9/25), PARK behind a Town determination",Lender: minimum loan amount; legal nonconforming two-unit treatment; appraisal approach,lender,50c,2026-09-23,,,,,,
