n,property,attribute,claimed_value,claimed_by,verified_value,source,instrument,date,status,superseded_by,note
1,"306 & 308 Troy Ave NE, Roanoke, VA 24012",listing status,"PENDING since 2026-09-18; listed 2026-09-03 at $246,000; 15 days on market; no price cuts (Redfin 9/29)",advisory 73b n1,"Pending, $246,000; 'Listing updated: Sep 18, 2026 at 10:18am'; '15 days on Redfin, 23 views'; history Sep 18 Pending, Sep 3 Listed $246,000; MLSRV 931038, Virginia Realty Group","Redfin listing page, 2026-09-30",https://www.redfin.com/VA/Roanoke/306-Troy-Ave-NE-24012/home/131533637 via Bright Data djnicholasq scrape_as_markdown,2026-09-30,REPRODUCED,,
2,"306 & 308 Troy Ave NE, Roanoke, VA 24012",status date on file 14,"PENDING (2026-09-21), the sweep date",file 14 row 28 (refresh stage of 9/21),"PENDING (2026-09-18), the MLS date; the 9/21 and 9/28 sweeps read PENDING with status_date 'Sep 18, 2026'",_sweeps/2026-09-28/tracked.json; tracked_changes.csv,campaign files,2026-09-30,CORRECTED,file 14 row 28 as patched 2026-09-30,file 14 cell set to the MLS date; the refresh stage still stamps the sweep date (pipeline note)
3,"306 & 308 Troy Ave NE, Roanoke, VA 24012",MLS fields,"heat pump (electric); owner pays trash disposal and property management; two-unit property; built 1984; lot 6,969 sf; APN 3180117; zoning RM-1 with an AIRPORT tag",advisory 73b n2,"reproduced on the Redfin page 9/30 (public record block: 4 beds, 2 baths, 2 stories, 1,848 sf, lot 7,040 sf, built 1984, APN 3180117; 'Last updated by owner on Aug 3, 2026'); the zoning card prints 'RM-1 / AIRPORT / Residential District' with an empty 'Zone overlays' list","Redfin listing page, 2026-09-30",as above,2026-09-30,REPRODUCED,,"the MLS lot 6,969 sf against the record 7,040 sf is the usual MLS rounding"
4,"306 & 308 Troy Ave NE, Roanoke, VA 24012",AIRPORT tag,does not appear in any city zoning or overlay layer; unverified,advisory 73b n2 and n37,identified: the tag sits in Redfin's third-party zoning card; the city's public GIS has no airport overlay service (Zoning/0 and the 22 TRAKiT layers carry none); Roanoke County's published Airport Overlay feature (one polygon named 'Airport') contains the parcel point; the city ordinance's AD airport overlay (36.2-330) is unchanged by the 2024 amendments and its text was not retrieved (municode is script-rendered). Reading: an FAA Part 77 height and obstruction overlay around Roanoke-Blacksburg Regional Airport (about 2.3 miles east-south-east of the airport reference point); no effect on the use or the existing two-story building; aircraft noise not assessed (no ROA Part 150 noise exposure map found),county Airport Overlay feature service; city GIS service list; Redfin zoning card,"https://services1.arcgis.com/VlZ73DcE2ya6FnSK/arcgis/rest/services/Airport_Overlay_Hosted/FeatureServer/0 (point query, 1 feature); https://maps.roanokeva.gov/arcgis/rest/services/Public?f=json",2026-09-30,EXTENDED,,AD overlay text open; height limits are irrelevant to an existing 2-story dwelling
5,"306 & 308 Troy Ave NE, Roanoke, VA 24012",tax history,"2025 $2,649 on $192,100; 2024 $2,495 on $180,000; 2023 and 2022 on $152,300; 2021 $1,800 on $144,500; 2020 and 2019 on $125,200",advisory 73b n3,"reproduced and extended: 2025 $2,649 on $192,100; 2024 $2,495 on $180,000; 2023 $2,148 on $152,300; 2022 $2,044 on $152,300; 2021 $1,800 on $144,500; 2020 $1,773 on $125,200; 2019 $1,730 on $125,200; 2018 $1,730 on $121,600; 2017 $1,538; 2016 $1,537 on $121,600; 2014 $1,529 on $127,000; city 2026 $199,900. The assessment is up 60 percent since 2020 and the roll moves every year","Redfin tax history table, 2026-09-30; city parcel layer",as above,2026-09-30,EXTENDED,,
6,"306 & 308 Troy Ave NE, Roanoke, VA 24012",Zillow parcel page,"Off market; tax assessed $192,100; Rent Zestimate $1,853 a month for the whole building (model, not used)",advisory 73b n4,not re-fetched,n/a,n/a,2026-09-30,CARRIED,,
7,"306 & 308 Troy Ave NE, Roanoke, VA 24012",sweep record,PENDING with status date 2026-09-18 (tracked.json); PENDING 9/21; no change PENDING dom 15 on 9/28; seen_index gone on 9/21,advisory 73b n7,"reproduced: tracked.json 9/28 status PENDING, status_date 'Sep 18, 2026', dom 15, price 246000, history 'Sep 18, 2026 Pending; Sep 3, 2026 Listed $246,000'; tracked_changes.csv 9/28 'no change | PENDING dom 15'",_sweeps/2026-09-28,campaign files (Dropbox),2026-09-30,REPRODUCED,,
8,"306 & 308 Troy Ave NE, Roanoke, VA 24012",parcel,"tax map 3180117; Lot 217 B, Fleming Court; 0.1616 acre (7,040 sf); RM-1; class Multi-Family Duplex; assessed $199,900 on 2026-01-01 (land $36,600, dwelling $163,300) and $192,100 on 2025-01-01; about 2,295 sf impervious",advisory 73b n8,"reproduced: TAXID 3180117, LRSN 27013, LOCADDR 306 TROY AVE NE, LEGALDESC 'LOT 217 B FLEMING COURT', LEGALACRES 0.1616, SQFT 7040, ZONEDESC RM-1, PROPERTYDESC Multi-Family Duplex, TOTALVAL1 199900 (LANDVAL1 36600, DWELLINGVAL1 163300), TOTALVAL2 192100 (DWELLINGVAL2 155500), NEIGHBORHOODNUM 15, TOPODESC Level; owner a family living trust, mailing address Goodview VA 24095 (Bedford County, out of town). Lot edges from the ring: 75.8 ft (street), 87.5 and 97.3 ft (sides), 39.8 + 36.7 ft (rear, two segments)",City of Roanoke parcel layer,https://maps.roanokeva.gov/arcgis/rest/services/Public/Parcels/MapServer/0/query?where=TAXID='3180117' (plain urllib),2026-09-30,EXTENDED,,"the owner is out of town, consistent with the MLS 'owner pays property management'"
9,"306 & 308 Troy Ave NE, Roanoke, VA 24012",transfers,"1979-07 lot purchase $3,000 (conversion record); 2018-12-13 $0 deed into a family living trust, instrument 180011508; no arm's-length sale since 1979",advisory 73b n9,reproduced: SALEDATE1 2018-12-13 SALEAMT1 0 DOCNUM1 180011508 GRANTOR1 the trust's settlors; SALEDATE2 1979-07-09 SALEAMT2 3000 DOC2NUM CONV000000 GRANTOR2 a private seller (inactive record),City of Roanoke parcel layer,as above,2026-09-30,REPRODUCED,,"the 1984 building was put up by the 1979 lot buyers (owner-built, assumption); the deed image is in the Circuit Court's subscription land records, not read"
10,"306 & 308 Troy Ave NE, Roanoke, VA 24012",911 address points,"306 (ADDR_ID 43574) and 308 (43575), both ACTIVE and field verified on tax map 3180117",advisory 73b n10,"reproduced: two points, STATUS ACTIVE, VERIFIED 'Field Verified', TAX_ID 3180117, LRSN 27013, PSAP 7192, ESN 4, Site_NGUID SSAP43574@roanokeva.gov and SSAP43575@roanokeva.gov, Condo false, PROPERTYDESC Multi-Family Duplex on both",TRAKiT layer 0 Addresses,"https://maps.roanokeva.gov/arcgis/rest/services/Public/Trakit_20221221/MapServer/0/query?where=ADDR_ID IN (43574,43575)",2026-09-30,REPRODUCED,,
11,"306 & 308 Troy Ave NE, Roanoke, VA 24012",building record,"3180117R01: Duplex; 1984; 2 stories; 1,848 sf; wood frame; brick veneer; foundation None; heat pump; central AC; 4 bedrooms; 2 full baths; condition normal for age; asbestos flag false; footprint about 1,074 sf",advisory 73b n11,"reproduced and extended: BldgID 3180117R01, ImprType DWELLING, UseCode 2 UseDesc Duplex, BldgType '21 Older 2 Story', Stories 2.0, YrBuilt 1984, FinSize 1848, Foundat None, ConstFr Wood frame, ExtDesc1 Brick veneer, CondDesc normal for age, NumRms 4, NumBdRms 4, Num3Baths 2 (full), HeatType 3 Heat pump, CentrlAC Y, Attic None, BsmtArea 0, Asbestos false, footprint Shape_Area 1,074.4 sf",TRAKiT layer 4 Buildings,https://maps.roanokeva.gov/arcgis/rest/services/Public/Trakit_20221221/MapServer/4/query?where=PIN='3180117',2026-09-30,EXTENDED,,attic none and basement 0 support the slab reading (assumption stands)
12,"306 & 308 Troy Ave NE, Roanoke, VA 24012",city property class,class Multi-Family Duplex,advisory 73b n8,"NEW test: the parcel is present in Real_Estate/Parcels_Duplexes/0 and Parcels_Residential/0 and absent from Parcels_MultiFam/0; 126-128 Troy (3180105) is the reverse (300-Multifamily, absent from Duplexes). The city's own class layers read this building as a duplex to any third party who queries them",Real_Estate class layers,https://maps.roanokeva.gov/arcgis/rest/services/Real_Estate/Parcels_Duplexes/MapServer/0/query?where=TAXID='3180117',2026-09-30,NEW,,Gate 3 evidence a lender or appraiser can reproduce
13,"306 & 308 Troy Ave NE, Roanoke, VA 24012",zoning,"RM-1 Res Mixed Density, conditional 0; an R-5 single-family boundary within about 40 m",advisory 73b n12,"reproduced: Zoning/0 and TRAKiT layer 15 both return ZONING 11 'RM-1: Res Mixed Density', CONDITIONAL 0; the R-5 distance was not re-measured",City zoning layer,https://maps.roanokeva.gov/arcgis/rest/services/Public/Zoning/MapServer/0 (point query),2026-09-30,REPRODUCED,,
14,"306 & 308 Troy Ave NE, Roanoke, VA 24012",two-family use in RM-1,RM-1 not conditional; Gate 3 PASS on city record,advisory 73c gate3,"NEW: the 9/16/2024 readoption's use table (36.2-311) shows the pre-2024 row 'Dwelling, two-family' permitted (P) in RM-1 and the new row 'Dwellings' permitted in every residential district under 36.2-409.1; so a two-unit building on one lot is a by-right use in RM-1 under the text in force AND under the text a rollback would restore (the July 2026 council vote shelved the staff compromise; the 2024 rules remain). Dimensional (36.2-312): old table RM-1 minimum lot area 5,000 sf, 3,500 sf per dwelling unit, 50 ft frontage; new table 4,000 sf, 1,500 sf per dwelling, 40 ft (as read in advisory 36 on 9/16); the lot's 7,040 sf and about 76 ft of frontage clear both","City of Roanoke, Ord. 43049 final draft (2024 amendments), pdf text",https://www.roanokeva.gov/DocumentCenter/View/20166 (plain curl + pymupdf),2026-09-30,NEW,,"unlike 126-128 Troy (two detached dwellings, which rests on 36.2-409.1(c)(4)), this row does not depend on the 2024 reform surviving"
15,"306 & 308 Troy Ave NE, Roanoke, VA 24012",overlays,"none: rental inspection, historic, design, sign, conservation rehab, flood hazard, river and creek corridor, flood reduction easements; census tract 4, block group 1; code enforcement zone 3; layer 22 refused",advisory 73b n13,"reproduced across 60 public layers at the parcel point: none for rental inspection districts, historic districts, National Register (properties and districts), conservation rehab, design overlay, sign overlay, neighborhood design districts, effective flood hazard (Flood_Zones, FloodPlain, FEMA, Special_Flood_Hazard_Areas, floodway), river and creek corridor, all easement classes, LeadSafe projects, HUD qualified census blocks, opportunity zones, enterprise zone 1A, VDOT chapter 527, service districts. Present: preliminary FEMA 2025 layer DFIRM 51161C zone X 'AREA OF MINIMAL FLOOD HAZARD' (SFHA F); watershed Tinker Creek (HUC6 RU13); annexed 1949; census tract 4 (51770000400, pop 4,761), block group 1 (1,556); layer 22 (2017 imagery) refuses point queries (HTTP 400, reproduced)","City GIS, 60 layers",https://maps.roanokeva.gov/arcgis/rest/services/Public/* (point-intersect script; results in _evidence/.../records_2026-09-30/point_layers_306troy.json),2026-09-30,EXTENDED,,
16,"306 & 308 Troy Ave NE, Roanoke, VA 24012",districts and programs,"not in HUD QCB, opportunity zones, enterprise zone 1A or Lead-Safe; character district Suburb; trash day Tuesday",advisory 73b n14,"reproduced and extended: character district Suburb; trash Tuesday; recycling TUE zone 3 week B; snow zone 4N subzone 4B; neighborhood Preston Park in the Williamson Road Area plan (status Complete); code enforcement zone 3; development inspection zone 1; residential building, electrical, plumbing and mechanical inspection zone NE; civil process zone NE; schools Monterey Elementary, James Breckinridge Middle, William Fleming High",City GIS district layers,as above,2026-09-30,EXTENDED,,school zones are a tenant-pool note only (the family in one unit has children)
17,"306 & 308 Troy Ave NE, Roanoke, VA 24012",water mains,"6-inch cast iron dated 1955; 8-inch cast iron dated 1963; mains only, no meters or service lines",advisory 73b n15,"reproduced: within 60 m, PIPE-001890 8-inch CI installed 1963-01-01 and PIPE-009708 6-inch CI installed 1955-09-01, both DIST, INUSE, HGL 1263; no service line or meter features in the layer",WVWA water layer on the city server,https://maps.roanokeva.gov/arcgis/rest/services/Public/WVWA_Water/MapServer/0 (60 m buffer),2026-09-30,REPRODUCED,,
18,"306 & 308 Troy Ave NE, Roanoke, VA 24012",sewer collectors,8-inch vitrified clay dated 1940 and 1949; one 8-inch PVC segment; lateral ownership rule not retrieved,advisory 73b n16,reproduced on the retry (three earlier queries answered HTTP 500): five segments within 60 m (see 68b for the attributes); the Authority's lateral ownership rule was not retrieved (westernvawater.org answers 403 to plain fetches and returned an empty body through Bright Data),WVWA sewer layer on the city server,https://maps.roanokeva.gov/arcgis/rest/services/Public/WVWA_Sewer/MapServer/0 (60 m buffer),2026-09-30,REPRODUCED,,camera scope at inspection stands as the settling instrument
19,"306 & 308 Troy Ave NE, Roanoke, VA 24012",capital project,"Huntington curb, gutter and sidewalk, within about 500 m",advisory 73b n17,not reproduced: the Engineering_CIP line layer returned no features within 500 m of the parcel point on 9/30,City engineering CIP layer,https://maps.roanokeva.gov/arcgis/rest/services/Public/Engineering_CIP/MapServer/0 (500 m buffer),2026-09-30,OPEN,,not load-bearing; a city CIP project carries no special assessment on abutters as a rule (assumption)
20,"306 & 308 Troy Ave NE, Roanoke, VA 24012",street roll,"Troy Ave NE: 33 parcels, 30 single-family, 2 multifamily (126 and 227), 1 duplex (306); single-family sales $214,000 to $274,000 in 2024 and 2025 (121, 122, 125 and 132)",advisory 73b n18,"reproduced: 33 parcels; 30 '200-SingleFamily', 126 and 227 '300-Multifamily', 306 'Multi-Family Duplex'; all RM-1; land value $36,600 on 31 parcels ($40,300 on the two 0.31-acre lots); 2024-25 single-family sales 121 ($254,950, 12/2024), 122 ($227,950, 6/2024), 125 ($214,000, 6/2024), 132 ($274,000, 2/2025); owner mailing addresses in Roanoke on 31 parcels, Daleville on 317, Goodview on 306; 307 Troy transferred 3/2023 for $10,000 (not arm's length)",City of Roanoke parcel layer,query ADDRSTREET='TROY' AND ADDRQUAD='NE' (records_2026-09-30/troy_ave_ne_street_roll.json),2026-09-30,REPRODUCED,,
21,"306 & 308 Troy Ave NE, Roanoke, VA 24012",duplex sale cohort,"89 single-parcel duplex transfers of $50,000 to $600,000 since 2024-01-01: median $215,000, sale to 2025 assessment 1.17, 17 percent at or under 0.95; 2025 and 2026: 58 sales, $213,500, 1.20, 16 percent; north side (neighborhoods 11 to 17 and 22): 21 sales, $230,000, 1.15, 24 percent",advisory 73b n19,"reproduced to the decimal: 967 Multi-Family Duplex parcels citywide; 120 last transfers on or after 2024-01-01 in the band; 89 after removing same-date same-amount packages; median $215,000; median sale to 2025 assessment 1.18; 17 percent at or under 0.95; 2025-26 n=58, $213,500, 1.21, 16 percent; north side n=21, $230,000, 1.15, 24 percent. Extended: assessor neighborhood 15 (this parcel's) has ONE duplex transfer since 2024, 521 Fleming Ave NE on 2025-04-22 at $167,500 against a $192,800 assessment (0.87), and its 2026 assessment stayed $192,800","City of Roanoke parcel layer, class Multi-Family Duplex, last transfer per parcel",paged query (records_2026-09-30/duplex_parcels_all_967.json; duplex_cohort_since2024.csv),2026-09-30,EXTENDED,,"a below-assessment sale did not pull the roll down: the 8 percent price can carry the assessed-value tax, the ask cannot"
22,"306 & 308 Troy Ave NE, Roanoke, VA 24012",impervious surface and stormwater units,"about 2,295 sf impervious; stormwater about $87",advisory 73b n8 and 73c tax_note,"reproduced and corrected: six polygons on the parcel (source 2011 VBMP): building 1,074.4; deck/patio 165.3 and 149.2; driveways 525.5 and 346.1; unknown 35.2; total 2,295.5 sf = 4.59 units, rounded to 5 billing units = $93.00 a year at $1.55 a month per unit. The $87 on the 2025 bill is 5 units at $17.40 (the $1.45 rate of that year); the 2024 bill implies about $1.34",Impervious_Surface_Final_2026 layer; city stormwater fee page,https://maps.roanokeva.gov/arcgis/rest/services/Public/Impervious_Surface_Final_2026/MapServer/0 (parcel polygon query); https://www.roanokeva.gov/1843/Storm-Utility-Fee-and-Credits,2026-09-30,CORRECTED,,each unit has its own driveway and rear patio polygon; the fee has risen about $0.10 a year (assumption on the next step)
23,"306 & 308 Troy Ave NE, Roanoke, VA 24012",Zillow 24012 two-bedroom trends,"average $1,300; month over month -$80; year over year +$125; 41 available; range $850 to $3,360; most common band $1,200; COOL; updated 2026-09-27",advisory 73b n20,"reproduced on the 9/28 refresh: average $1,300; month over month -$60; year over year +$201; 40 available; range $850 to $3,360; modal bands $1,100 and $1,200 (9 listings each), $1,300 (7); COOL; 2026 monthly averages Jan $1,223, Feb $1,200, Mar $1,217, Apr $1,200, May $1,223, Jun $1,199, Jul $1,400, Aug $1,350, Sep $1,300","Zillow rental manager market trends, updated 2026-09-28",https://www.zillow.com/rental-manager/market-trends/24012/?bedrooms=2 via Bright Data ajumobinicholasY,2026-09-30,REPRODUCED,9/28 refresh,"asking rents; the band $1,100 to $1,200 stands"
24,"306 & 308 Troy Ave NE, Roanoke, VA 24012",Redfin 24012 two-bedroom rentals,"46 listings; small-landlord 2BR/1BA asks $850 to $1,395, median $1,100 (15 units); size-matched 855 to 950 sf: $995, $1,095, $1,100, $1,199, $1,199",advisory 73b n21,not re-fetched,n/a,n/a,2026-09-30,CARRIED,,
25,"306 & 308 Troy Ave NE, Roanoke, VA 24012",ACS tract 4 (51770000400),"contract rent $923 (186); gross rent $1,133 (191); 2BR gross $1,111 (78); MHI $47,045; renter MHI $30,639 (22,406); renters 903 of 2,078; vacant for rent 242 (178); poverty 33 percent",advisory 73b n22,"reproduced exactly (ACS 2020-2024 5-year): B25058 $923 (+/-186); B25064 $1,133 (+/-191); B25031 2BR $1,111 (+/-78); B19013 $47,045 (+/-10,871); B25119 renter $30,639 (+/-22,406); B25003 renters 903 (+/-315) of 2,078; B25004 vacant for rent 242 (+/-178); B17001 1,750 of 5,365 = 32.6 percent",Census Reporter API,"https://api.censusreporter.org/1.0/data/show/latest?table_ids=B25064,B25058,B25031,B19013,B25119,B25003,B25004,B17001&geo_ids=14000US51770000400,05000US51770 (plain curl, 200)",2026-09-30,REPRODUCED,,"tract margins are wide, as the advisory said"
26,"306 & 308 Troy Ave NE, Roanoke, VA 24012",ACS Roanoke city,"contract rent $836 (22); gross rent $996 (30); 2BR gross $967 (39); renter MHI $40,701 (3,637); renters 20,723 of 43,575; vacant for rent 1,681 (380), rental vacancy 7.5 percent; poverty 18 percent",advisory 73b n23,"reproduced exactly: B25058 $836; B25064 $996; B25031 $967; B25119 $40,701; B25003 20,723 of 43,575; B25004 1,681 -> 1,681 / (20,723 + 1,681) = 7.5 percent; B17001 17,729 of 96,723 = 18.3 percent",Census Reporter API,as above,2026-09-30,REPRODUCED,,
27,"306 & 308 Troy Ave NE, Roanoke, VA 24012",Census API,HTTP 302 to missing_key.html; switched to Census Reporter,advisory 73b n24,"not re-tried (the campaign holds a key since 9/28, memo 64)",n/a,n/a,2026-09-30,CARRIED,,
28,"306 & 308 Troy Ave NE, Roanoke, VA 24012",rent source in the sweep code,weekly_sweep.py lines 169 and 249: rent = units x tract median_rent when no rent is stated; 494 of 543 rows scored on 9/28,advisory 73b n25,"reproduced on the 9/29 version of weekly_sweep.py (the regional rebuild kept both lines): line 169 'rent = rent_stated or ((units or 2) * med ...)'; line 249 'rent = num(j.get(""rents"")) or (2 * med ...)'",_pipeline/weekly_sweep.py (2026-09-29 05:19 UTC),campaign file,2026-09-30,REPRODUCED,,
29,"306 & 308 Troy Ave NE, Roanoke, VA 24012",tract model rent = ACS gross rent,median_rent equals ACS B25064 gross rent in 25 of 25 sampled passing tracts; contract to gross median 0.83 (0.31 to 1.00); gross minus contract median $213,advisory 73b n26,"reproduced for this tract and by the model's own field: tract_scores_x1.0.json['51770000400'].median_rent = 1133.0 = B25064 (not B25058's 923), and the model's annual_gross_rent field is median_rent x 24 (27,192), i.e. the model names its basis gross. The 25-tract sample was not re-run (Census Reporter answered 403 to the batch call after serving the single call)",_pipeline/model/tract_scores_x1.0.json; Census Reporter,local JSON; API,2026-09-30,REPRODUCED,,"load-bearing; logged as pipeline DEFECT 4 for Najum's decision, not applied"
30,"306 & 308 Troy Ave NE, Roanoke, VA 24012",documented rolls against the sweep rent,"median 0.73: Daughtry 0.65, Scarborough 0.66, Star 0.73, Jacob 0.73, Rogers 0.75, Penmar 0.76, Auburndale 0.80 (seven rows, not random)",advisory 73b n27,not recomputed,campaign boards,n/a,2026-09-30,CARRIED,,
31,"306 & 308 Troy Ave NE, Roanoke, VA 24012",effect on the 9/28 NC-VA sweep,"439 tract-rent rows with a rent to price: 125 pass Gate 5 as scored, 76 at x0.83, 54 at x0.73; entrants Floyd 20.3 to 12.3 and 7.6; Faison St E 14.7 to 7.6 and 3.4; 4 12 1/2 St SW 6.6 to 0.9 and -2.5",advisory 73b n28,"reproduced exactly on scored.csv and results.csv: 440 tract-rent rows with a rent-to-price (the advisory's 439 is the same set less one blank); Gate 5 passes 125 / 76 / 54 at x1.0 / x0.83 / x0.73; the three ENTRANTs carry rent 'tract median x 2' (Floyd $2,018, Faison $1,508, 4 12 1/2 St $1,922) with CoC 20.3 / 14.7 / 6.6 as printed",_sweeps/2026-09-28/scored.csv and results.csv,campaign files,2026-09-30,REPRODUCED,,
32,"306 & 308 Troy Ave NE, Roanoke, VA 24012",FY2027 real estate tax rate,"$1.22 per $100 held, council vote 2026-05-11; an $18 million deficit closed with position and capital cuts",advisory 73b n29,"reproduced: Cardinal News 5/12/2026: rate unchanged at $1.22 per $100 (one member voting against the rate as high), $421.5 million budget adopted 5-2 on Monday 5/11/2026, an $18 million deficit closed with about 30 position eliminations and $50.4 million removed from capital projects; the city's FY2027 highlights page: adopted 5/11/2026, $421.5 million, CIP $139.3 million",Cardinal News; roanokeva.gov FY2027 highlights,https://cardinalnews.org/2026/05/12/roanoke-budget-approved-by-5-2-vote-the-second-consecutive-year-of-significant-cuts/ ; https://www.roanokeva.gov/1837/Budget-Development (WebFetch),2026-09-30,REPRODUCED,,confirms constants tax_assessed_combined_rate.Roanoke 0.0122 for FY2027
33,"306 & 308 Troy Ave NE, Roanoke, VA 24012",real estate growth slowing,the FY2027 revenue assumptions say real estate growth has begun to slow,advisory 73b n30,not re-read,City budget briefing 2026-03-02,n/a,2026-09-30,CARRIED,,
34,"306 & 308 Troy Ave NE, Roanoke, VA 24012",solid waste fee,"$218.40 a year for properties with more than one home, on the tax bill",advisory 73c tax_note; constants owner_side_municipal_fees.Roanoke,reproduced on the city page 9/30: $109.20 a year single-family; $218.40 a year for properties with more than one home; billed as a separate charge on the real estate tax bills in the fall and spring; 10 percent penalty and 10 percent yearly interest when late,City of Roanoke solid waste fee page,https://www.roanokeva.gov/480/Solid-Waste-Fees-and-Enforcement (WebFetch),2026-09-30,REPRODUCED,,
35,"306 & 308 Troy Ave NE, Roanoke, VA 24012",stormwater fee rate,about $87 a year,advisory 73c tax_note,"corrected: the current rate is $1.55 a month per billing unit ($18.60 a year), one unit per 500 sf of impervious area rounded to the nearest whole number, with a residential credit of up to 50 percent; 5 units = $93.00. The 2025 bill's $87 = 5 x $17.40 (rate $1.45); the 2024 bill's implied $80.60 = 5 x $16.12 (rate about $1.34)",City of Roanoke stormwater fee page; Redfin tax history,https://www.roanokeva.gov/1843/Storm-Utility-Fee-and-Credits (WebFetch),2026-09-30,CORRECTED,,the 50 percent residential credit (apply by June 1) is a $46 a year question
36,"306 & 308 Troy Ave NE, Roanoke, VA 24012",tax year one,"$2,744 (assessed $199,900 x 1.22 percent = $2,439 + $218.40 + about $87); drop the separate $160 trash line",advisory 73c tax_year1,"corrected to $2,750: $2,438.78 + $218.40 + $93.00 = $2,750.18. The 2025 bill reconciles exactly: 192,100 x 0.0122 = 2,343.62 + 218.40 + 87.00 = 2,649.02 (Redfin prints $2,649). The trash-line double count on 49a id 28 (owner_paid_services 160 'Roanoke trash fee' on top of a tax line at price x 1.22 percent) is reproduced and dropped",arithmetic on the city rate and fee pages; 49a,n/a,2026-09-30,CORRECTED,,immaterial to the verdict (the 8 percent price moves about $70)
37,"306 & 308 Troy Ave NE, Roanoke, VA 24012",tax long run at the ask,(not stated),this pass,"NEW: Roanoke reassesses every year and the roll has tracked the market (+6.7 percent for 2025, +4.1 percent for 2026, +60 percent since 2020); a purchase at $246,000 would be captured within one or two reassessments (assumption from the series), so the long-run bill at the ask is about $3,313 (246,000 x 0.0122 + $311.40), which takes cash-on-cash at the ask on the $1,150 comp center from 1.6 to 0.9 percent at 6.75 (DSCR 1.09 to 1.05). At the 8 percent price (below the assessment) the assessed basis holds: the only neighborhood-15 duplex sale since 2024 closed at 0.87 x assessment and kept its assessment the next year",city parcel layer; Redfin tax history; the 521 Fleming Ave NE precedent,n/a,2026-09-30,NEW,,the 73c grid is unchanged at and below the 8 percent price; only the at-ask rows worsen
38,"306 & 308 Troy Ave NE, Roanoke, VA 24012",polybutylene era,"supply pipe of 1978 to 1995 construction, heaviest in the mid-1980s; some insurers exclude plumbing losses; no seller disclosure duty; marked PB-2110",advisory 73b n31,not re-verified; no frame shows supply piping,web sources cited by the advisory,n/a,2026-09-30,CARRIED,,ask 73a row 5 stands
39,"306 & 308 Troy Ave NE, Roanoke, VA 24012",radon,Roanoke County on the VDH list of high-population Zone 1 counties; a local contractor cites 30 to 40 percent of area homes testing high; the city's zone assumed the same as the county,advisory 73b n32,county claim carried; the city's own designation was not retrievable (EPA's Virginia zone list answered 403; VDH's map page prints the map without a locality list; the sosradon fact sheet answered 404),VDH; EPA,https://www.vdh.virginia.gov/radiological-health/indoor-radon-program/epa-radon-risk-map-for-virginia/ (WebFetch),2026-09-30,OPEN,,the test in each unit is the answer either way
40,"306 & 308 Troy Ave NE, Roanoke, VA 24012",contract cancellation rate,about 14 percent of U.S. contracts written in July 2026 fell through; 13 to 14 percent band for four years,advisory 73b n33,not re-verified,Redfin via PR Newswire,n/a,2026-09-30,CARRIED,,
41,"306 & 308 Troy Ave NE, Roanoke, VA 24012",Bright Data connectors,search calls on djnicholasaY and djnicholasq failed authentication on 9/29,advisory 73b n34,superseded today: djnicholasq served the Redfin listing and ajumobinicholasY served the Zillow trends page; bjumobinicholasY (not tried by the advisory) returned an empty body for westernvawater.org; all three sessions expired once mid-run and reconnected,Bright Data direct connectors,scrape_as_markdown,2026-09-30,SUPERSEDED,this pass,
42,"306 & 308 Troy Ave NE, Roanoke, VA 24012",code cases,Real_Estate/RealEstate_CodeViolations has no layers; the CodeEnforcement folder is empty,advisory 73b n35,"reproduced for the GIS, corrected for the record: eTrakit's case search answers a scripted full-field postback. Parcel 3180117: ONE case, AV20-0638 INOPERABLE VEHICLE at 308 Troy Ave NE, record id CRW:2009220958483594 (2020-09-22). Street: five inoperable-vehicle cases at 106 Troy (2006-2008) and nothing else on the first page (the grid pages at 20 rows)",Roanoke eTrakit case search,https://trakit.roanokeva.gov/etrakit/Search/case.aspx (POST SITE_APN EQUALS 3180117 with every form field; detail view login-gated),2026-09-30,CORRECTED,,"a tenant-behavior case, closed by inference (six years old); nothing on the building"
43,"306 & 308 Troy Ave NE, Roanoke, VA 24012",permits,(not searched),advisory 73,"NEW: eTrakit permit search by tax ID returns ONE permit, ZVBL21-0310 at 308 Troy Ave NE, record id PLSS:210506020208704 (2021-05-06). No B, M, E, P, RELE, RMEC, RPLB or RMRP permit on the parcel (the street's corpus shows those series in use since 2002, e.g. RMEC20-0191 at 106 Troy), so any heat pump, water heater or electrical replacement since about 2002 was either never done or done without a permit. Decode of ZVBL (moderate): a zoning verification for a business licence: the ZVBL21 series ran 0300 to 0319 between 4/30 and 5/12/2021 across suites, apartments and houses (about 800 a year), ZVBL26 restarted at 0001 on 1/2/2026, and the city requires Permit Center verification of the use before a business licence issues (advisory 36 section 9). ZVBL21-0305 was issued at 307 Troy Ave NE the day before",Roanoke eTrakit permit search,https://trakit.roanokeva.gov/etrakit/Search/permit.aspx (POST SITE_APN EQUALS 3180117; PERMIT_NO BEGINS WITH ZVBL21-03 and ZVBL26),2026-09-30,NEW,,"if the 2021 verification was for rental of real estate, the city holds a written zoning answer on the two-unit use; a records request costs nothing (ask added to 67a)"
44,"306 & 308 Troy Ave NE, Roanoke, VA 24012",crime incidents,"the Police folder holds beats, districts, zones and school buffers only",advisory 73b n36,"reproduced for the GIS; the city publishes incidents through CityProtect (hundred-block generalized, filterable by date and hour, no download or API); not queried",roanokeva.gov crime mapping page,https://www.roanokeva.gov/334/Crime-Mapping (WebFetch),2026-09-30,EXTENDED,,the ZIP-level CrimeGrade F stands as the only measure
45,"306 & 308 Troy Ave NE, Roanoke, VA 24012",photos,"23 frames, all SHA-256 distinct; blind read prefix 91892bc26503b93d written 07:17 UTC before the board was opened",advisory 73b n38,"reproduced: the uploaded zip and the Dropbox folder (23 files, placed 2026-09-29 07:07 to 07:09 UTC) hold 23 JPEGs with 23 distinct SHA-256 hashes (list in records_2026-09-30/photo_sha256_23_frames.json); every frame was read on 9/30; the blind read's timestamp precedes the board being opened by the advisory's own account (not independently checkable)",_evidence/306&308 Troy Ave NE Roanoke/306&308_troy_mls_photos_2026-09-29,sha256sum,2026-09-30,REPRODUCED,,
46,"306 & 308 Troy Ave NE, Roanoke, VA 24012",photo grade (inter-rater),"board: GREEN, C2 on the front photo (9/9); advisory blind read: exterior C3, updated unit C3, other unit C3 to C4, no RED",file 14 (9/9); advisory 73 appendix A,"this pass, all 23 frames: exterior C3 (brick sound; vinyl above with mildew streaking on the rear upper wall; aluminum gutters; white vinyl double-hung windows that read as replacements, assumption); the unit with stainless appliances C3 (fresh paint, new appliances, 1984 stained cabinets, laminate, sheet vinyl, carpet); the other unit C3 to C4 (worn original cabinets, older white and black appliances, worn sheet vinyl); no RED item under file 08. Front photo alone: C3. Agreement with the blind read on every grade; the board's 9/9 C2 was one step high",the 23 frames,"Read tool, plus crops at 2x to 5x",2026-09-30,REPRODUCED,,logged in constants.inter_rater_log (memo 67 section 7.5)
47,"306 & 308 Troy Ave NE, Roanoke, VA 24012",upstairs supply and heat,"ducted forced air in both units (ceiling and high-wall supplies, floor-level return on the laundry closet wall); water heater not shown",advisory 73 appendix A,"extended and partly corrected: the second floor IS ducted: floor-level wall supply registers in the bath of the updated unit (frame 9) and in the bunk-bed room of the other unit (frame 17); but long baseboard-type units sit under the primary and second bedroom windows in both units (frames 7, 8, 16): baseboard diffusers of the same duct system or electric baseboard heaters, unresolved at this resolution. A digital thermostat with a surface-run wire (frame 12) reads as a retrofit control, i.e. a system replaced after 1984","frames 7, 8, 9, 12, 16, 17 and crops",Read tool,2026-09-30,EXTENDED,,"added to the data-plate ask: whether the bedroom units are diffusers or resistance heaters, and whether the upstairs is on the heat pump duct"
48,"306 & 308 Troy Ave NE, Roanoke, VA 24012",kitchen ceiling access panel,"square access panel in the kitchen ceiling under the upstairs bath (possible past leak access), unit B",advisory 73 appendix A,"reproduced: a square white panel in the kitchen ceiling of the unit with the white appliances (frames 13, 14, 15), under the bath by the Cubicasa plan; none in the other unit's kitchen (frames 3, 4)","frames 3, 4, 13, 14, 15",Read tool and crops,2026-09-30,REPRODUCED,,
49,"306 & 308 Troy Ave NE, Roanoke, VA 24012",condenser and meters,one outdoor condenser visible at the rear (left unit side); one meter base with meter plus two small disconnects on the left unit's rear wall; right unit's rear wall behind the fence,advisory 73 appendix A,"reproduced: frame 19 shows one gray round-top condenser (a 2000s-2010s cabinet style, assumption; no data plate readable), one meter base and two disconnect boxes on the left unit's rear wall, two conduits to the eave lights, a downspout at the rear corner; the right unit's rear is behind the fence",frame 19 and crops,Read tool,2026-09-30,REPRODUCED,,
50,"306 & 308 Troy Ave NE, Roanoke, VA 24012",roof,not visible in any of the 23 frames,advisory 73a row 3,"extended: ESRI World Imagery and the city's 2021 Pictometry export show a uniform gray shingle gable roof, ridge parallel to the street, gable ends on the sides, no visible patching, tarps or moss; age not readable from imagery. The assessor's photo of 5/1/2026 shows the left-front elevation only",ESRI World_Imagery export; city Imagery_Pictometry_2021 export; assessor photo,https://services.arcgisonline.com/arcgis/rest/services/World_Imagery/MapServer/export ; https://maps.roanokeva.gov/arcgis/rest/services/Public/Imagery_Pictometry_2021/MapServer/export ; https://maps.roanokeva.gov/img_photoshare/318/3180117-1.jpg,2026-09-30,EXTENDED,,roof age stays an ask (73a row 3)
51,"306 & 308 Troy Ave NE, Roanoke, VA 24012",WVWA rates and lateral rule,meter count not public; one shared owner-paid meter at about $800 a year (assumption),advisory 73b n3 note; 73c owner_paid_note,"not retrieved: westernvawater.org (rates, backup and service-line pages) answers 403 to plain fetches and returned an empty body through Bright Data; the Authority's water service line inventory web app is a private ArcGIS Online item (403 to the REST API); the mains layers on the city server carry no meters. The $800 a year assumption stands (it is the campaign's Roanoke two-unit figure since 9/14)",westernvawater.org; arcgis.com item 6d8c90a0b035469d89b9c3a759bd2b53,curl; Bright Data bjumobinicholasY; REST,2026-09-30,NOT RETRIEVED,,ask 73a row 2 stands; the inventory map is a browser-only check for Najum
52,"306 & 308 Troy Ave NE, Roanoke, VA 24012",housing voucher program,(payment standards not retrieved; voucher case not modelled),advisory 73,NEW: the Roanoke Redevelopment and Housing Authority's Housing Choice Voucher page (read 9/30) says the program 'will pause issuing new vouchers until further notice' for budget reasons and the application process is closed; payment standards by bedroom are not on the page. A voucher floor for a vacant unit is therefore not available for a new tenancy in Roanoke now (applies to every Roanoke row),rkehousing.org HCV page,https://rkehousing.org/housing-options/section-8/ (WebFetch),2026-09-30,NEW,,constants.rrha_hcv_status_2026
53,"306 & 308 Troy Ave NE, Roanoke, VA 24012",rate of the week,6.75 / 7.40 triple; PMMS not quoted,advisory 73c,"reproduced: PMMS 30-year 7.03 percent on 9/24/2026 (+8 bp), the latest print; the triple 6.75 / 7.40 / 8.00 unchanged",Freddie Mac PMMS history,https://www.freddiemac.com/pmms/docs/PMMS_history.csv (plain curl),2026-09-30,REPRODUCED,,
54,"306 & 308 Troy Ave NE, Roanoke, VA 24012",underwriting grid,"six rows at $923 to $1,200 a unit: CoC -3.5 to 2.8 at 6.75, DSCR 0.82 to 1.15, 8 percent price $140,000 / $134,000 to $198,000 / $189,000; rent needed at the ask $1,433",advisory 73c underwriting_at_ask,"reproduced to the dollar with the campaign formula (vacancy 5, management 10, maintenance 8, reserves 5 percent; 75 percent loan, 30 years, annual constants 0.077832 at 6.75 and 0.083087 at 7.40; cash in 31.25 percent; debt service $14,360 / $15,330): $923 row NOI $11,705, CoC -3.5, DSCR 0.82, 8 percent price $140,000; $1,150 row NOI $15,628, CoC 1.6, DSCR 1.09, $187,000 / $179,000; $1,200 row $198,000 / $189,000; rent needed at the ask $1,433. With tax at $2,750 the 8 percent prices move by less than $100. Sensitivities: vacancy 7.5 percent -8,000 on the 8 percent price; owner-paid water $800 -9,000",this script (GRID),n/a,2026-09-30,REPRODUCED,,the grid is in 68b
55,"306 & 308 Troy Ave NE, Roanoke, VA 24012",probability,about 0.01: contract fails about 0.15 x seller accepts the 8 percent price about 0.05 to 0.1,advisory 73c probability_chain,"reproduced at one significant figure (memo 67 section 7.3): 0.01. Extended reading of the second factor: the listing pitches conversion to a single-family with an in-law suite, and a 1984 side-by-side on a single-family street went pending in 15 days at 1.23 x assessment with 23 Redfin views; the pending buyer is plausibly an owner-occupant on a low-down-payment two-unit loan (assumption), so the investor's 8 percent price ($134,000 to $198,000) sits 20 to 45 percent under what the market paid, and a relist after an inspection exit meets the same buyer pool",Redfin listing; cohort,n/a,2026-09-30,REPRODUCED,,"memo 67 section 7.2, the market as inspector"
56,"306 & 308 Troy Ave NE, Roanoke, VA 24012",verdict,PARK; out of the review queue under memo 67 section 6.1; relist tripwire only; no agent time,advisory 73 and 73c,"reproduced: the row is PENDING today, so it fails the first test of the 6.1 queue rule; tripwire (ACTIVE again after a contract failure, or any list price at or under $198,000) adopted; first move on the tripwire: send the 67a asks the same day; offer at the 8 percent price on the documented roll",memo 67 section 6.1,n/a,2026-09-30,REPRODUCED,,
57,"306 & 308 Troy Ave NE, Roanoke, VA 24012",49a id 28 base columns,"status ACTIVE; rent 2,075 'HUD FY2026 SAFMR x 0.83'; owner_paid_services 160 'Roanoke trash fee'; rtp 0.84; coc -1.4; dscr 0.92; g5 FAIL; gate_rank 'FAILS G5 #3'; tax at price x 1.22 percent",decision board 49a (9/26),"superseded: status PENDING (9/18); rent basis asking comps $1,100 to $1,200 with the tract contract rent $923 as the floor case; owner-paid 0 (the fee sits in the tax bill); tax $2,750 year one; CoC 1.6 / DSCR 1.09 at the comp center; Gate 5 marginal (0.89 to 0.98); Gate 6 FAIL. The board is not rebased (memo 67 section 6.6); file 14 row 28 is the view",this pass,n/a,2026-09-30,SUPERSEDED,file 14 row 28 (2026-09-30) and this ledger,
58,"306 & 308 Troy Ave NE, Roanoke, VA 24012",file 14 novice cell,"GREEN: C2 on the front photo, built 1984, renovation language in the listing (9/9)",file 14 row 28,"restated in the memo 66 grammar: GREEN-verify: C3 in 23 MLS frames ...; 1984, no RED; roof, heat pumps, water heaters, supply pipe, ceiling panel, bedroom heat units unconfirmed (9/30)",this pass,n/a,2026-09-30,CORRECTED,,GREEN-verify because a post-1978 C3 is GREEN by rule and the verify items are the system ages
59,"306 & 308 Troy Ave NE, Roanoke, VA 24012",lead-based paint rule,"built after 1978, so the lead-based paint disclosure rules do not apply",advisory 73 section 2.1,reproduced (YrBuilt 1984 on the building record),TRAKiT layer 4,as above,2026-09-30,REPRODUCED,,
60,"306 & 308 Troy Ave NE, Roanoke, VA 24012",tenant ability to pay,"tract median renter income $30,639 (margin $22,406); poverty 33 percent; a $1,150 rent needs about $46,000 at 30 percent",advisory 73 section 2.4,"reproduced from the ACS pull (the arithmetic holds: 1,150 x 12 / 0.30 = $46,000)",Census Reporter,as above,2026-09-30,REPRODUCED,,
61,"306 & 308 Troy Ave NE, Roanoke, VA 24012",vacancy,"city ACS rental vacancy 7.5 percent (5.7 to 9.4) against the 5 percent constant; tract 21 percent (5 to 42), too noisy",advisory 73 section 3.2,"reproduced: city 1,681 / 22,404 = 7.5 percent; tract 242 / 1,145 = 21 percent with a +/-178 margin on the numerator",Census Reporter,as above,2026-09-30,REPRODUCED,,a per-city vacancy constant is not adopted this round (it moves every VA row); flagged
62,"306 & 308 Troy Ave NE, Roanoke, VA 24012",owner and manager,the seller of record is a family living trust that bought the lot in 1979 and built the building; the MLS says the owner pays property management,advisory 73 section 1,"extended: the trust's mailing address is in Goodview (Bedford County), about 30 minutes east; an out-of-town owner with a manager means the leases and the ledger sit with the manager, who is the right addressee for 73a row 1",city parcel layer,as above,2026-09-30,EXTENDED,,
63,"306 & 308 Troy Ave NE, Roanoke, VA 24012",asks,"six asks drafted in 73a in the 67a register columns, none sent; send only if the listing returns to ACTIVE",advisory 73a,"logged: the six rows appended to 67a with the property key and P 0.01 (9/30), plus a seventh (a records request to the City for permit ZVBL21-0310, which costs nothing and can go before any relist); sent_on blank",67a asks register,this script,2026-09-30,EXTENDED,,
