section,item,record
parcel,3180117,TAXID=3180117; GISOBJID=3180117; LRSN=27013; LOCADDR=306 TROY AVE NE; ADDRNBR=306; ADDRSTREET=TROY; ADDRQUAD=NE; ADDRSUFFIX=AVE; MAILCITY=GOODVIEW; MAILSTATE=VA; LEGALACRES=      0.1616; ZONEDESC=RM-1; LEGALDESC=LOT 217 B                 FLEMING COURT; LANDVAL1=36600; LANDVAL2=36600; TOTALVAL1=199900; TOTALVAL2=192100; SALEDATE1=1544659200000; SALEDATE2=300326400000; SALEAMT1=0; SALEAMT2=3000; DOCNUM1=180011508; DOC2NUM=CONV000000; SQFT=7040; ACRES=0.1616; TOPODESC1=Level; NEIGHBORHO=15; MAINZIPCOD=24095; PROPERTYDE=Multi-Family Duplex; ASSESSMENT=01/01/2026; ASSESSME_1=01/01/2025; CHANGEDESC=1; CHANGEDE_1=1; DWELLINGVA=163300; DWELLING_1=155500; SALEDATE1=2018-12-13; SALEDATE2=1979-07-09; OWNER=a family living trust; MAILCITY=GOODVIEW VA 24095; GRANTOR1=the trust's settlors; GRANTOR2=a private seller (inactive record)
parcel,lot_edges_ft,"75.8 (street), 87.5, 39.8, 36.7, 97.3 (six vertices; the rear is two segments); area 7,044 sf by the shape, 7,040 by the record"
building,3180117R01,Asbestos=false; Shape_Length=131.99213956164115; Shape_Area=1074.3672676357478; BldgID=3180117R01; YRBUILT_NUM=1984; PIN=3180117; BldgID_1=3180117R01; PropExt=R01; LRSNum=27013; ImprType=DWELLING; UseCode=2; UseDesc=Duplex; BldgType=21 Older 2 Story; Stories=2.0; YrBuilt=1984; FinSize=1848; Foundat=None; ConstFr=Wood frame; ExtDesc1=Brick veneer; CondDesc=normal for age; NumRms=4; NumBdRms=4; Num2Baths=0; Num3Baths=2; Num4Baths=0; Num5Baths=0; HeatType=3; HeatDesc=Heat pump; CentrlAC=Y; Attic=None; AtticFin=0; BsmtArea=0; BsmtFin=0; EnclPSF=0; OpenPSF=0; DeckSF=0
address_points,43574,"306 TROY AVE NE; STATUS ACTIVE; VERIFIED Field Verified; TAX_ID 3180117; LRSN 27013; PSAP 7192; ESN 4; Site_NGUID SSAP43574@roanokeva.gov; Condo false; PROPERTYDESC Multi-Family Duplex; point {'x': -79.93795062422139, 'y': 37.311587768729716}"
address_points,43575,"308 TROY AVE NE; STATUS ACTIVE; VERIFIED Field Verified; TAX_ID 3180117; LRSN 27013; PSAP 7192; ESN 4; Site_NGUID SSAP43575@roanokeva.gov; Condo false; PROPERTYDESC Multi-Family Duplex; point {'x': -79.93785946995482, 'y': 37.31159664965087}"
point_layers,Public/Trakit_20221221/6 Parcels,"[{""TAXID"": ""3180117"", ""LRSN"": 27013, ""LocAddr"": ""306 TROY AVE NE"", ""ADDRNBR"": ""306"", ""ADDRSTREET"": ""TROY"", ""ADDRQUAD"": ""NE"", ""ADDRSUFFIX"": ""AVE"", ""OWNER"": ""[masked]"", ""OWNERADDR1"": ""[masked]"", ""MAILCITY"": ""GOODVIEW"", ""MAILSTATE"": ""VA"", ""LEGALACRES"": ""      0.1616"", ""ZONEDESC"": ""RM-1"", ""LEGALDESC"": ""LOT 217 B                 FLEMING COURT"", ""LANDVAL1"": 36600, ""LANDVAL2"": 36600, ""TOTALVAL1"": 199900, ""TOTALVAL2"": 192100, ""SALEDATE1"": 1544659200000, ""SALEDATE2"": 300326400000, ""SALEAMT1"": 0, ""SALEAMT2"": 3000, ""GRANTOR1"": ""[masked]"", ""Grantor2"": ""[masked]"", ""DOCNUM1"": ""180011508"", ""DOC2NUM"": ""CONV000000"", ""SQFT"": ""7040"", ""ACRES"": 0.1616, ""TOPODESC1"": ""Level"", ""PUBLIC_CEN"": ""4"", ""CITY"": ""ROANOKE"", ""STATE"": ""VA"", ""PERVIOUS_AREA"": ""4748.91758842463"", ""SUM_Shape_Area"": 2295.474906926048, ""NEIGHBORHOODNUM"": 15, ""MAINZIPCODE"": ""24095"", ""PROPERTYDESC"": ""Multi-Family Duplex"", ""ASSESSMENTDATE1"": ""01/01"
point_layers,Public/Trakit_20221221/7 HUC 6,"[{""INTID"": 633.0, ""VAHU5"": ""RU-D"", ""VAHU6"": ""RU13"", ""META_ID"": ""VA01"", ""OID_"": 989, ""VAHU6_1"": ""RU13"", ""NAME"": ""TINKER CREEK"", ""FROM_"": ""CARVIN CREEK"", ""INEX_F"": ""EX"", ""TO_"": ""ROANOKE RIVER"", ""INEX_T"": ""EX"", ""HUC6"": ""RU13""}]"
point_layers,Public/Trakit_20221221/10 Sub Watersheds,"[{""Watershed"": ""Tinker Creek""}]"
point_layers,Public/Trakit_20221221/13 Development Inspection Zones,"[{""ZONE"": 1, ""INSPECTOR"": ""[masked]""}]"
point_layers,Public/Trakit_20221221/15 Zoning,"[{""CONDITIONAL"": 0, ""ZONING"": 11, ""ZONING_DESCRIPTION"": ""RM-1: Res Mixed Density""}]"
point_layers,Public/Trakit_20221221/18 Building Inspection Zones,"[{""Fire"": ""[masked]"", ""RightofWay"": ""[masked]"", ""Development"": ""[masked]"", ""NDD"": ""[masked]"", ""Historic"": ""[masked]"", ""Building"": ""[masked]"", ""Electric"": ""[masked]"", ""Plumbing"": ""[masked]"", ""Mechanical"": ""[masked]"", ""Tent"": ""[masked]"", ""Manufactured"": ""[masked]"", ""Res_Building"": ""[masked]"", ""Res_Electric"": ""[masked]"", ""Res_Plumbing"": ""[masked]"", ""Res_Mechanical"": ""[masked]"", ""Res_Manufactured"": ""[masked]"", ""Zone"": ""NE""}]"
point_layers,Public/Trakit_20221221/19 Code_Enforcement_Zones,"[{""E_ZONE"": 3, ""INSPECTOR"": ""[masked]""}]"
point_layers,Public/Trakit_20221221/20 Census Tracts,"[{""TRACT_LABEL"": ""4"", ""GEOID10"": ""51770000400"", ""POP_TOTAL"": 4761, ""POP_WHITE"": 3703, ""POP_BLACK"": 482, ""POP_ASIAN"": 212, ""POP_OTHER"": 229, ""POP_AMER_INDIAN"": 22, ""POP_HAWAII_PACIFIC"": 2, ""STATE"": ""51"", ""COUNTY"": ""770"", ""TRACT"": ""000400""}]"
point_layers,Public/Trakit_20221221/21 Census Block Groups,"[{""GEOID10"": ""517700004001"", ""POP_TOTAL"": 1556, ""POP_WHITE"": 1225, ""POP_BLACK"": 145, ""POP_ASIAN"": 78, ""POP_OTHER"": 54, ""POP_AMER_INDIAN"": 1, ""POP_HAWAII_PACIFIC"": 0, ""STATE"": ""51"", ""COUNTY"": ""770"", ""TRACT"": ""000400"", ""BLKGROUP"": ""1"", ""NAME_"": ""Block Group 1"", ""TRACT_LABEL"": ""4""}]"
point_layers,Public/Zoning/0 Zoning,"[{""CONDITIONAL"": 0, ""ZONING"": 11, ""ZONING_DESCRIPTION"": ""RM-1: Res Mixed Density""}]"
point_layers,Public/Preliminary_Flood_Hazard_Areas/1 Preliminary FEMA Flood Hazard Areas 2025,"[{""DFIRM_ID"": ""51161C"", ""VERSION_ID"": ""2.8.5.6"", ""FLD_AR_ID"": ""3543000"", ""STUDY_TYP"": ""NP"", ""FLD_ZONE"": ""X"", ""ZONE_SUBTY"": ""AREA OF MINIMAL FLOOD HAZARD"", ""SFHA_TF"": ""F"", ""STATIC_BFE"": -9999.0, ""DEPTH"": -9999.0, ""VELOCITY"": -9999.0, ""BFE_REVERT"": -9999.0, ""DEP_REVERT"": -9999.0, ""DUAL_ZONE"": ""F"", ""SOURCE_CIT"": ""STUDY1"", ""Zone_SubZ"": ""X AREA OF MINIMAL FLOOD HAZARD"", ""Index_"": 5}]"
point_layers,Public/Neighborhoods_Planning/0 Neighborhoods Planning,"[{""ID"": 120, ""NEIGHBORHO"": ""Preston Park"", ""PLAN_STATU"": ""Complete"", ""PLANNING_A"": ""Williamson Road Area"", ""NH_CITY"": ""ROANOKE"", ""NH_ST"": ""VA"", ""NH_NAME"": ""WILLIAMSON ROAD AREA"", ""HYPERLINK"": ""http://www.roanokeva.gov/WebMgmt/ywbase61b.nsf/DocName/$williamson""}]"
point_layers,Public/Character_Districts/0 Character Districts,"[{""CHARACTER_"": ""Suburb"", ""RuleID"": 5}]"
point_layers,Public/Code_Enforcement/0 Code_Enforcement_Zones,"[{""E_ZONE"": 3, ""INSPECTOR"": ""[masked]""}]"
point_layers,Public/Trash_Collection/0 Trash Collection Zones,"[{""PERIMETER"": 214199.469, ""CITYBOUNDA"": 2, ""CITYBOUN_1"": 1, ""FID_"": 1, ""TRASH_DAY"": ""TUESDAY""}]"
point_layers,Public/Recycling_Zones/0 Recycling Zones,"[{""PU_DAY"": ""TUE"", ""BR4_ZONE"": ""3"", ""BR4_Zone_Combined"": ""TUE 3"", ""WEEK"": ""B""}]"
point_layers,Public/Schools_Elementary/1 Elementary School Zones,"[{""AT_ACRES"": 2506.86685251, ""PERIMETER"": 59170.12796664, ""SCHOOL"": ""MONTEREY ELEMENTARY SCHOOL"", ""CODE"": 20, ""HYPERLINK"": ""http://monterey.rcps.info/"", ""LABEL"": ""Monterey""}]"
point_layers,Public/Civil_Process_Zones/0 Civil Process Zones,"[{""NAME"": ""NE""}]"
point_layers,Public/Census/1 Census Block Groups,"[{""GEOID10"": ""517700004001"", ""POP_TOTAL"": 1556, ""POP_WHITE"": 1225, ""POP_BLACK"": 145, ""POP_ASIAN"": 78, ""POP_OTHER"": 54, ""POP_AMER_INDIAN"": 1, ""POP_HAWAII_PACIFIC"": 0, ""STATE"": ""51"", ""COUNTY"": ""770"", ""TRACT"": ""000400"", ""BLKGROUP"": ""1"", ""NAME_"": ""Block Group 1"", ""TRACT_LABEL"": ""4""}]"
point_layers,Public/Annexations/0 Annexations,"[{""ANNEX_DATE"": 1949}]"
point_layers,Public/Snow_Zones/0 Snow Subzones,"[{""SNOW_ZONE"": ""4N"", ""MAPBK_TXT"": ""21"", ""SUBZONE"": ""4B""}]"
point_layers,Public/Snow_Zones/1 Snow Zones,"[{""SNOW_ZONE"": ""4N"", ""MAPBK_TXT"": ""NORTHEAST"", ""MAPBK_PGNUM"": 6, ""MAPBK_ROTATE"": 0, ""MAPBK_SCALE"": 14500}]"
point_layers,Public/Quadrants_Working/0 Quadrants_Working,"[{""PERIMETER"": 114737.487, ""COLOR"": 170, ""TEXT"": ""NE"", ""TRASH_DAY"": ""TUESDAY""}]"
point_layers,Public/Zip_Codes/0 Zip Codes,"[{""ZIP"": ""24012"", ""PO_NAME"": ""Roanoke"", ""STATE"": ""VA"", ""POP2000"": 25964, ""POP2010"": 20584}]"
point_layers,Real_Estate/Parcels_Duplexes/0 Parcels Duplexes,"[{""NEIGHBORHO"": 15, ""LOCADDR"": ""306 TROY AVE NE"", ""MAINZIPCOD"": ""24095"", ""PROPERTYDE"": ""Multi-Family Duplex"", ""ASSESSMENT"": ""01/01/2026"", ""ASSESSME_1"": ""01/01/2025"", ""CHANGEDESC"": ""1"", ""CHANGEDE_1"": ""1"", ""DWELLINGVA"": 163300, ""DWELLING_1"": 155500, ""GRANTOR2"": ""[masked]"", ""ACRES"": 0.1616, ""TAXID"": ""3180117"", ""GISOBJID"": 3180117, ""LRSN"": 27013, ""ADDRNBR"": ""306"", ""ADDRSTREET"": ""TROY"", ""ADDRQUAD"": ""NE"", ""ADDRSUFFIX"": ""AVE"", ""OWNER"": ""[masked]"", ""OWNERADDR1"": ""[masked]"", ""MAILCITY"": ""GOODVIEW"", ""MAILSTATE"": ""VA"", ""LEGALACRES"": ""      0.1616"", ""ZONEDESC"": ""RM-1"", ""LEGALDESC"": ""LOT 217 B                 FLEMING COURT"", ""LANDVAL1"": 36600, ""LANDVAL2"": 36600, ""TOTALVAL1"": 199900, ""TOTALVAL2"": 192100, ""SALEDATE1"": 1544659200000, ""SALEDATE2"": 300326400000, ""SALEAMT1"": 0, ""SALEAMT2"": 3000, ""GRANTOR1"": ""[masked]"", ""DOCNUM1"": ""180011508"", ""DOC2NUM"": ""CONV000000"", ""SQFT"": ""7040"", ""TOPODESC1"": ""Level""}]"
point_layers,none_at_the_point,"Trakit 1 Planning BMPs, 5 Flood Reduction Easements, 8 Flood Hazard Areas, 9 River and Creek Corridor, 11 Sign Overlay, 12 Design Overlay, 14 Historic Districts, 16 Conservation Rehabilitation, 17 Rental Inspection Districts; Rental_Inspection/0; Historic_Districts/0; National_Register/0 and /1; Conservation_Rehab/0; Design_Overlay/0; Sign_Overlay/0; Neighborhood_Design_Districts/0; Flood_Zones/1; FloodPlain/1; FEMA/0-3; FEMA_Planning/0 Floodway; Special_Flood_Hazard_Areas/1; Preliminary_FEMA_Layers/0; River_Creek_Corridor/0; Easements/0; Easements_Access/0-2; Easements_Flood_Stormwater/0-2; Easements_Utilities/0; LeadSafe_public/0; HUD_Qualified_Census_Blocks/0; Opportunity_Zones/0; Enterprise_Zones/0; Service_Districts/0-1; Stormwater/0,1,3; Stormwater_Enviro_Mgmt/0-1; VDOT_Chapter_527/0; Hydrology/0-1 (40 m); Parcels_MultiFam/0"
impervious_2026,Building,IMPERV_AREA 1074.4 sf; TYPE Residential; STATUS Complete; SOURCE 2011 VBMP; BldgID 3180117R01
impervious_2026,Deck/Patio,IMPERV_AREA 165.3 sf; TYPE Residential; STATUS Complete; SOURCE 2011 VBMP; BldgID None
impervious_2026,Deck/Patio,IMPERV_AREA 149.2 sf; TYPE Residential; STATUS Complete; SOURCE 2011 VBMP; BldgID None
impervious_2026,Unknown,IMPERV_AREA 35.2 sf; TYPE Residential; STATUS Complete; SOURCE 2011 VBMP; BldgID None
impervious_2026,Driveway,IMPERV_AREA 525.5 sf; TYPE Residential; STATUS Complete; SOURCE 2011 VBMP; BldgID None
impervious_2026,Driveway,IMPERV_AREA 346.1 sf; TYPE Residential; STATUS Complete; SOURCE 2011 VBMP; BldgID None
impervious_2026,total,2295.5 sf = 4.59 units -> 5 billing units x $18.60 = $93.00 a year at $1.55
wvwa_water_60m,PIPE-001890,8-inch CI installed 1963-01-02; TYPE DIST; status INUSE; HGL 1263
wvwa_water_60m,PIPE-009708,6-inch CI installed 1955-08-29; TYPE DIST; status INUSE; HGL 1263
wvwa_sewer_60m,7410,OBJECTID=7410; DIAMETER=8; MATERIAL=PVC; INSTALLDATE=1949-09-01; SLOPE=0.48; UPSTREAMINVERT=1058.87; DOWNSTREAMINVERT=1057.18; USNODEID=05A-3581.0; DSNODEID=05A-3579.0; LINKSUFFIX=1; GlobalID={7FFD9C44-D449-45B5-BE51-5FBA799C05B3}; MAINTDATE=1949-09-01; STATUS=INUSE; TYPE=COLLECTOR
wvwa_sewer_60m,7411,OBJECTID=7411; DIAMETER=8; MATERIAL=VCP; INSTALLDATE=1949-09-01; SLOPE=1.52; UPSTREAMINVERT=1063.64; DOWNSTREAMINVERT=1060.48; COMMENTS=Line drops outside downstream MH at 7.9'; USNODEID=05A-3582.0; DSNODEID=05A-3581.0; LINKSUFFIX=1; GlobalID={8BA0927A-551E-4B4E-A7A9-5FADF2921542}; MAINTDATE=1949-09-01; STATUS=INUSE; TYPE=COLLECTOR
wvwa_sewer_60m,7412,OBJECTID=7412; DIAMETER=8; MATERIAL=VCP; INSTALLDATE=1949-09-01; SLOPE=1.35; UPSTREAMINVERT=1063.61; DOWNSTREAMINVERT=1059.1; USNODEID=05A-3583.0; DSNODEID=05A-3581.0; LINKSUFFIX=1; GlobalID={25BB7CAD-1FEE-4303-81E7-88AB64D71924}; MAINTDATE=1949-09-01; STATUS=INUSE; TYPE=COLLECTOR
wvwa_sewer_60m,7416,OBJECTID=7416; DIAMETER=8; MATERIAL=VCP; INSTALLDATE=1940-01-02; SLOPE=0.9; UPSTREAMINVERT=1060.53; DOWNSTREAMINVERT=1057.73; USNODEID=05A-3587.0; DSNODEID=05A-3586.0; LINKSUFFIX=1; GlobalID={161B2723-C627-4306-8DB9-7F28C90E595B}; MAINTDATE=1940-01-02; STATUS=INUSE; TYPE=COLLECTOR
wvwa_sewer_60m,7417,OBJECTID=7417; DIAMETER=8; MATERIAL=VCP; INSTALLDATE=1940-01-02; SLOPE=1.29; UPSTREAMINVERT=1065.78; DOWNSTREAMINVERT=1060.58; USNODEID=05A-3588.0; DSNODEID=05A-3587.0; LINKSUFFIX=1; GlobalID={ABAC2FB7-6B81-4878-A574-37F28A9D75C5}; MAINTDATE=1940-01-02; STATUS=INUSE; TYPE=COLLECTOR
street,Troy Ave NE,"Streets/0 and Transportation_Streets/0: FULL_NAME TROY AVE NE, CARTO_CLASS Local, 25 mph, block 300-332 left / 301-333 right, ZIP 24012 both sides, locality CityofRnke"
street_roll,103 TROY AVE NE,"200-SingleFamily; RM-1; 2026 $135,800 (land $36,600); last transfer 2017-08-03 $94,000; owner mail ROANOKE VA; 0.2694 ac"
street_roll,106 TROY AVE NE,"200-SingleFamily; RM-1; 2026 $195,900 (land $36,600); last transfer 2020-08-14 $55,000; owner mail ROANOKE VA; 0.2157 ac"
street_roll,107 TROY AVE NE,"200-SingleFamily; RM-1; 2026 $174,900 (land $36,600); last transfer 2005-01-21 $85,000; owner mail ROANOKE VA; 0.212 ac"
street_roll,111 TROY AVE NE,"200-SingleFamily; RM-1; 2026 $156,100 (land $36,600); last transfer 2020-02-28 $120,000; owner mail ROANOKE VA; 0.211 ac"
street_roll,112 TROY AVE NE,"200-SingleFamily; RM-1; 2026 $188,800 (land $36,600); last transfer 2021-06-21 $159,950; owner mail ROANOKE VA; 0.2682 ac"
street_roll,115 TROY AVE NE,"200-SingleFamily; RM-1; 2026 $198,200 (land $36,600); last transfer 2002-07-16 $87,950; owner mail ROANOKE VA; 0.2106 ac"
street_roll,116 TROY AVE NE,"200-SingleFamily; RM-1; 2026 $185,100 (land $36,600); last transfer 2020-08-24 $141,000; owner mail ROANOKE VA; 0.2554 ac"
street_roll,121 TROY AVE NE,"200-SingleFamily; RM-1; 2026 $269,700 (land $36,600); last transfer 2024-12-06 $254,950; owner mail ROANOKE VA; 0.2103 ac"
street_roll,122 TROY AVE NE,"200-SingleFamily; RM-1; 2026 $190,300 (land $36,600); last transfer 2024-06-20 $227,950; owner mail ROANOKE VA; 0.2348 ac"
street_roll,125 TROY AVE NE,"200-SingleFamily; RM-1; 2026 $183,600 (land $36,600); last transfer 2024-06-14 $214,000; owner mail ROANOKE VA; 0.2109 ac"
street_roll,126 TROY AVE NE,"300-Multifamily; RM-1; 2026 $157,500 (land $36,600); last transfer 2014-05-19 $0; owner mail ROANOKE VA; 0.2423 ac"
street_roll,132 TROY AVE NE,"200-SingleFamily; RM-1; 2026 $227,500 (land $36,600); last transfer 2025-02-14 $274,000; owner mail ROANOKE VA; 0.1889 ac"
street_roll,203 TROY AVE NE,"200-SingleFamily; RM-1; 2026 $156,900 (land $36,600); last transfer 2011-05-26 $98,900; owner mail ROANOKE VA; 0.2104 ac"
street_roll,204 TROY AVE NE,"200-SingleFamily; RM-1; 2026 $189,100 (land $36,600); last transfer 2023-08-30 $0; owner mail ROANOKE VA; 0.2147 ac"
street_roll,207 TROY AVE NE,"200-SingleFamily; RM-1; 2026 $149,400 (land $36,600); last transfer 2020-12-01 $111,000; owner mail ROANOKE VA; 0.2103 ac"
street_roll,208 TROY AVE NE,"200-SingleFamily; RM-1; 2026 $170,600 (land $36,600); last transfer 2011-10-07 $0; owner mail ROANOKE VA; 0.2041 ac"
street_roll,213 TROY AVE NE,"200-SingleFamily; RM-1; 2026 $151,500 (land $40,300); last transfer 2026-02-06 $0; owner mail ROANOKE VA; 0.3148 ac"
street_roll,214 TROY AVE NE,"200-SingleFamily; RM-1; 2026 $134,400 (land $36,600); last transfer 1991-10-01 $51,500; owner mail ROANOKE VA; 0.1935 ac"
street_roll,218 TROY AVE NE,"200-SingleFamily; RM-1; 2026 $142,300 (land $36,600); last transfer 2003-07-21 $78,600; owner mail ROANOKE VA; 0.1844 ac"
street_roll,219 TROY AVE NE,"200-SingleFamily; RM-1; 2026 $187,700 (land $40,300); last transfer 2023-12-19 $0; owner mail ROANOKE VA; 0.3133 ac"
street_roll,224 TROY AVE NE,"200-SingleFamily; RM-1; 2026 $149,300 (land $36,600); last transfer 2019-07-08 $0; owner mail ROANOKE VA; 0.1723 ac"
street_roll,227 TROY AVE NE,"300-Multifamily; RM-1; 2026 $162,600 (land $36,600); last transfer 2021-12-16 $145,000; owner mail ROANOKE VA; 0.209 ac"
street_roll,228 TROY AVE NE,"200-SingleFamily; RM-1; 2026 $189,800 (land $36,600); last transfer 2013-04-01 $0; owner mail ROANOKE VA; 0.1616 ac"
street_roll,232 TROY AVE NE,"200-SingleFamily; RM-1; 2026 $126,300 (land $36,600); last transfer 2001-06-19 $0; owner mail ROANOKE VA; 0.1252 ac"
street_roll,303 TROY AVE NE,"200-SingleFamily; RM-1; 2026 $132,900 (land $36,600); last transfer 2003-11-18 $81,350; owner mail ROANOKE VA; 0.2075 ac"
street_roll,304 TROY AVE NE,"200-SingleFamily; RM-1; 2026 $150,300 (land $36,600); last transfer 2010-12-14 $0; owner mail ROANOKE VA; 0.1749 ac"
street_roll,306 TROY AVE NE,"Multi-Family Duplex; RM-1; 2026 $199,900 (land $36,600); last transfer 2018-12-13 $0; owner mail GOODVIEW VA; 0.1616 ac"
street_roll,307 TROY AVE NE,"200-SingleFamily; RM-1; 2026 $131,900 (land $36,600); last transfer 2023-03-01 $10,000; owner mail ROANOKE VA; 0.2084 ac"
street_roll,313 TROY AVE NE,"200-SingleFamily; RM-1; 2026 $157,100 (land $36,600); last transfer 2021-03-29 $134,100; owner mail ROANOKE VA; 0.208 ac"
street_roll,316 TROY AVE NE,"200-SingleFamily; RM-1; 2026 $202,100 (land $36,600); last transfer 2019-12-19 $124,950; owner mail ROANOKE VA; 0.1337 ac"
street_roll,317 TROY AVE NE,"200-SingleFamily; RM-1; 2026 $214,000 (land $36,600); last transfer 2001-07-31 $0; owner mail DALEVILLE VA; 0.2077 ac"
street_roll,322 TROY AVE NE,"200-SingleFamily; RM-1; 2026 $168,500 (land $36,600); last transfer 2018-04-25 $0; owner mail ROANOKE VA; 0.1357 ac"
street_roll,323 TROY AVE NE,"200-SingleFamily; RM-1; 2026 $208,900 (land $36,600); last transfer 2004-05-26 $46,000; owner mail ROANOKE VA; 0.2073 ac"
duplex_cohort,method,"Parcels/0 where PROPERTYDE='Multi-Family Duplex' (967 parcels, paged); last transfer per parcel on or after 2024-01-01 with SALEAMT1 $50,000 to $600,000 (120); same-date same-amount packages removed (89); ratio = SALEAMT1 / TOTALVAL2 (the 2025 assessment); full rows in records_2026-09-30/duplex_cohort_since2024.csv"
duplex_cohort,all_single_parcel,"n=89; median $215,000; median sale/2025 assessment 1.18; share at or under 0.95: 0.17"
duplex_cohort,2025_2026,"n=58; median $213,500; 1.21; 0.16"
duplex_cohort,north_side_nbhd_11_17_22,"n=21; median $230,000; 1.15; 0.24"
duplex_cohort,neighborhood_15,"n=1: 521 Fleming Ave NE, 2025-04-22, $167,500 against $192,800 (0.87); 2026 assessment $192,800 (unchanged); 0.2067 ac"
duplex_cohort,2026_sales_north_side,"137 Princeton Cir NE 3/26 $255,000 (2025 assessment $201,600); 4524 Ohio St NE 3/26 $265,000 ($196,500); 4504 Pennsylvania Ave NE 4/1 $325,000 ($218,000); 330 Maddock Ave NE 4/23 $215,000 ($182,800); 3102 Angell Ave NW 9/1 $252,500 ($203,800)"
class_layers,Parcels_Duplexes,"TAXID 3180117 present (LOCADDR 306 TROY AVE NE, Multi-Family Duplex, neighborhood 15); Parcels_MultiFam: absent (126 TROY AVE NE, 3180105, 300-Multifamily, is present there)"
airport_overlay,county_feature,Roanoke County 'Airport Overlay' (Airport_Overlay_Hosted/FeatureServer/0): one polygon named 'Airport' contains the parcel point; the city's GIS publishes no airport overlay; the 2024 amendment PDF does not touch 36.2-330 (AD); the AD text was not retrieved
permits,ZVBL21-0310,Tax ID 3180117; 308 TROY AVE NE; RECORDID PLSS:210506020208704 (2021-05-06); the only permit on the parcel; detail view login-gated
permits,ZVBL21_series_sample,ZVBL21-0300 154 Monterey Ave NE (PLRC:210430...); 0301 1730 Lonna Dr NW; 0302 321 Houston Ave NE; 0303 5202 Morwanda St NW; 0304 1613 Williamson Rd NE; 0305 307 TROY AVE NE (PLSP:210505...); 0306 401 Gainsboro Rd NW; 0307 5220 Williamson Rd NW STE A; 0308 1938 Hope Rd SW; 0309 401 Luck Ave SW; 0311 4009 Williamson Rd NW; 0313 3215 Hillcrest Ave NW APT 104; 0318 805 Elm Ave SE APT B; 0319 1660 Rugby Blvd NW (5/12/2021)
permits,ZVBL26_series_sample,ZVBL26-0001 306 Trinkle Ave NE (PLRB:260102...) through 0012 4419 Pheasant Ridge Rd SW STE 202 (1/7/2026): the series restarts each January and runs about three a day
permits,street_corpus_page1,"20 rows (grid page size): LIND17-0003 and ROW17-0075 (block, 2017); 106 Troy E090470, RELE21-0035, RMEC20-0191, ROW17-0021, RPLB22-0187; 107 Troy M050069, PLB25-0221; 111 M030545; 112 P140094, RMRP18-0042; 115 P020696; 116 M040063, SP060225, Z060888; 121 ELE24-0647, PLB24-0323; 122 E070100, ELE25-0623. Prefix decode: R+ELE/MEC/PLB/MRP residential electrical, mechanical, plumbing and (repair or roof, assumption); legacy E/M/P/B/Z + two-digit year (advisory 36)"
code_cases,AV20-0638,INOPERABLE VEHICLE; Tax ID 3180117; 308 TROY AVE NE; RECORDID CRW:2009220958483594 (2020-09-22); the only case on the parcel
code_cases,street,"106 Troy: AV060301, AV060302, AV060303, AV061818 (2006), AV080602 (2008), all INOPERABLE VEHICLE; nothing else on the first page"
etrakit_method,postback,"GET the search page, submit every input and select on the form with __EVENTTARGET=ctl00$cplMain$btnSearch, ddSearchBy (Permit_Main.SITE_APN / Case_Main.SITE_APN / PERMIT_NO / SITE_ADDR), ddSearchOper (EQUALS / BEGINS WITH / CONTAINS), txtSearchString, ddlSelLogin=Public, with the session cookie, Origin and Referer headers; a partial field set answers 302 to etrakitError.aspx; the results grid pages at 20 rows; detail views are login-gated"
tax_history,redfin_9_30,"2025 $2,649 on $192,100 (36,600 + 155,500); 2024 $2,495 on $180,000 (31,900 + 148,100); 2023 $2,148 on $152,300; 2022 $2,044 on $152,300; 2021 $1,800 on $144,500; 2020 $1,773 on $125,200; 2019 $1,730 on $125,200; 2018 $1,730 on $121,600; 2017 $1,538 on $121,600; 2016 $1,537 on $121,600; 2014 $1,529 on $127,000"
tax_history,reconciliation,"2025: 192,100 x 0.0122 = 2,343.62 + 218.40 solid waste + 87.00 stormwater (5 units x $17.40) = 2,649.02; 2024: 180,000 x 0.0122 = 2,196.00 + 218.40 + 80.60 (5 x $16.12) = 2,495.00"
rates,fy2027_tax,"$1.22 per $100 held (council 5-2, 5/11/2026; $421.5 million; $18 million deficit; about 30 positions; $50.4 million capital removed) - Cardinal News 5/12/2026; roanokeva.gov/1837"
rates,solid_waste,$109.20 single-family; $218.40 for properties with more than one home; on the real estate tax bill fall and spring; 10 percent penalty and 10 percent yearly interest - roanokeva.gov/480 (9/30)
rates,stormwater,"$1.55 a month per billing unit (500 sf impervious, rounded to the nearest whole); residential credit up to 50 percent - roanokeva.gov/1843 (9/30)"
rates,pmms,30-year 7.03 percent on 9/24/2026 (9/17 6.95; 9/10 6.76); the triple 6.75 / 7.40 / 8.00 unchanged
rates,rrha_hcv,"'Due to budget constraints, RRHA's HCV/Section 8 program will pause issuing new vouchers until further notice'; application process closed - rkehousing.org/housing-options/section-8/ (9/30); payment standards not on the page"
acs_2020_2024,tract_4,B25064 gross rent 1133.0 (+/-191.0); B25058 contract rent 923.0 (+/-186.0); B25031 2BR gross 1111.0 (+/-78.0); B19013 MHI 47045.0 (+/-10871.0); B25119 renter MHI 30639.0 (+/-22406.0); B25003 renters 903.0 (+/-315.0) of 2078.0 (+/-340.0); B25004 vacant for rent 242.0 (+/-178.0); B17001 poverty 1750.0 (+/-612.0) of 5365.0 (+/-687.0)
acs_2020_2024,roanoke_city,B25064 gross rent 996.0 (+/-30.0); B25058 contract rent 836.0 (+/-22.0); B25031 2BR gross 967.0 (+/-39.0); B19013 MHI 55378.0 (+/-2433.0); B25119 renter MHI 40701.0 (+/-3637.0); B25003 renters 20723.0 (+/-883.0) of 43575.0 (+/-640.0); B25004 vacant for rent 1681.0 (+/-380.0); B17001 poverty 17729.0 (+/-1653.0) of 96723.0 (+/-144.0)
rents,zillow_24012_2br_9_28,"average $1,300; MoM -$60; YoY +$201; 40 available; range $850 to $3,360; frequencies $800:1 $900:3 $1,000:4 $1,100:9 $1,200:9 $1,300:7 $1,400:1 $1,500:2 $1,600:3 $1,700:5 $1,800:2 $1,900+:2; COOL; 2026 monthly Jan 1,223 Feb 1,200 Mar 1,217 Apr 1,200 May 1,223 Jun 1,199 Jul 1,400 Aug 1,350 Sep 1,300; 2025 Jan 1,050 ... Dec 1,200"
listing,redfin_9_30,"Pending; $246,000; listed 9/3/2026; 'Listing updated: Sep 18, 2026 at 10:18am'; 15 days on Redfin, 23 views; MLSRV 931038; Virginia Realty Group; remarks as in the 9/28 sweep (two units of 2BR/1BA, 'Unit 308 has been recently updated', 'convert this property into a single family residence with an in-law suite'); features: heat pump (electric), owner pays trash disposal and property management, two-unit property, duplex (multi-family), built 1984; public record 4 bd 2 ba 2 stories 1,848 sf lot 7,040 sf APN 3180117 'Last updated by owner on Aug 3, 2026'; zoning card RM-1 / AIRPORT / Residential District; First Street flood 1, fire 1, heat 5, wind 2, air 2; schools Monterey 2/10, Breckinridge 2/10, William Fleming 1/10 (GreatSchools)"
sweep,tracked_9_28,"status PENDING; status_date Sep 18, 2026; price 246000; dom 15; history 'Sep 18, 2026 Pending; Sep 3, 2026 Listed $246,000'; built 1984; tax_year 2025 tax_annual 2649; flood 1; photo 931038_0.jpg; tracked_changes 'no change | PENDING dom 15'"
sweep,gate5_multipliers_9_28,"440 tract-rent rows with a rent-to-price: passes at x1.0 125, x0.83 76, x0.73 54; ENTRANTs 1611 Floyd St ($119,000, rent $2,018 tract x 2, r2p 1.70, CoC 20.3, DSCR 2.09), 1006 Faison St E ($99,999, $1,508, 1.51, 14.7, 1.79), 4 12 1/2 St SW ($158,122, $1,922, 1.22, 6.6, 1.35)"
sweep,tract_model,tract_scores_x1.0.json['51770000400']: median_rent 1133.0; annual_gross_rent 27192.0 (= median_rent x 24); gate PASS; tier 1; median_hh_income 47045
photos,hashes,"23 files, 23 distinct SHA-256 (records_2026-09-30/photo_sha256_23_frames.json); front 931038_0 6f16494b...; rear 931038_19 b9661525...; plans 931038_21 d3cf384b... and 931038_22 5b8ff3a5..."
photos,read_9_30,"frames 1-2 living room of the unit with stainless appliances (ceiling registers, front door, stair); 3-5 its kitchen and eat-in area (electric coil range, dishwasher, floor-level return grille on the laundry closet wall, no ceiling panel); 6-7 its primary bedroom (ceiling fan, long baseboard-type unit under the window); 8 its second bedroom (same); 9 its bath (floor-level wall supply register, single-hung window, original vanity); 10-12 the other unit's living room (ceiling register, surface-wired digital thermostat, baby gate, air purifier); 13-15 its kitchen (white refrigerator, electric coil range, black dishwasher, worn cabinet edges, square ceiling access panel, return grille); 16 its primary bedroom (long unit under the window); 17 its bunk-bed room (floor-level wall supply register); 18 its bath; 19 rear (condenser, meter base, two disconnects, mildew streaking on the upper vinyl, concrete pad, weathered fence); 20 front; 21-22 Cubicasa plans; 0 front"
assessor_photo,3180117-1.jpg,"dated 5/1/2026 10:46:27 AM: left-front elevation, gravel drive along the left side, satellite dish on the left wall, a car in the drive, the neighbor's white vinyl fence on the right; roof not visible"
aerials,esri_and_city_2021,"ESRI World Imagery export (leaf-off) and the city's 2021 Pictometry export: gray shingle gable roof, ridge parallel to Troy Ave, no patches or tarps visible; gravel drive on the left, a second drive to the rear pad on the right; fenced rear yard; single-family houses on both sides"
underwriting_at_ask,rent_923,"{""rent_per_unit"": 923, ""basis"": ""ACS tract 4 median contract rent (in-place floor case)"", ""noi"": 11699, ""rtp_pct"": 0.75, ""coc_675"": -3.5, ""dscr_675"": 0.81, ""coc_740"": -4.7, ""dscr_740"": 0.76, ""price8_675"": 140000, ""price8_740"": 134000, ""price8_800"": 129000}"
underwriting_at_ask,rent_1000,"{""rent_per_unit"": 1000, ""basis"": ""in-place guess (assumption)"", ""noi"": 13030, ""rtp_pct"": 0.81, ""coc_675"": -1.7, ""dscr_675"": 0.91, ""coc_740"": -3.0, ""dscr_740"": 0.85, ""price8_675"": 156000, ""price8_740"": 149000, ""price8_800"": 143000}"
underwriting_at_ask,rent_1100,"{""rent_per_unit"": 1100, ""basis"": ""asking comps, low"", ""noi"": 14758, ""rtp_pct"": 0.89, ""coc_675"": 0.5, ""dscr_675"": 1.03, ""coc_740"": -0.7, ""dscr_740"": 0.96, ""price8_675"": 177000, ""price8_740"": 169000, ""price8_800"": 162000}"
underwriting_at_ask,rent_1133,"{""rent_per_unit"": 1133, ""basis"": ""ACS tract 4 median gross rent (the sweep's basis; retired for the board)"", ""noi"": 15328, ""rtp_pct"": 0.92, ""coc_675"": 1.3, ""dscr_675"": 1.07, ""coc_740"": -0.0, ""dscr_740"": 1.0, ""price8_675"": 184000, ""price8_740"": 176000, ""price8_800"": 168000}"
underwriting_at_ask,rent_1150,"{""rent_per_unit"": 1150, ""basis"": ""asking comps, center"", ""noi"": 15622, ""rtp_pct"": 0.93, ""coc_675"": 1.6, ""dscr_675"": 1.09, ""coc_740"": 0.4, ""dscr_740"": 1.02, ""price8_675"": 187000, ""price8_740"": 179000, ""price8_800"": 172000}"
underwriting_at_ask,rent_1200,"{""rent_per_unit"": 1200, ""basis"": ""asking comps, high"", ""noi"": 16486, ""rtp_pct"": 0.98, ""coc_675"": 2.8, ""dscr_675"": 1.15, ""coc_740"": 1.5, ""dscr_740"": 1.08, ""price8_675"": 198000, ""price8_740"": 189000, ""price8_800"": 181000}"
underwriting_at_ask,constants,"price 246,000; tax year one 2,750 (assessed 199,900 x 1.22 percent + 218.4 + 93.00); tax long run at the ask 3,313; insurance 1500; owner-paid 0; K 6.75 0.077832, 7.40 0.083086, 8.00 0.088052; debt service 14,360 / 15,329; cash in 76,875; rent needed at the ask for 8 percent 1,433; comp center at long-run tax: CoC 0.9 DSCR 1.05; sensitivities on the 8 percent price: vacancy 7.5 percent -8,000, owner-paid water $800 -9,000"
transports,served,"city GIS (Parcels, TRAKiT 0-21, Zoning, Real_Estate class layers, WVWA water and sewer, Impervious_Surface_Final_2026, Streets, Schools, district layers, Imagery_Pictometry_2021 export) by plain urllib and curl; eTrakit permit and case searches by scripted full-field postback (curl); Census Reporter by curl (the batch tract sample then 403); Freddie Mac PMMS by curl; the 2024 zoning amendment PDF by curl + pymupdf; Redfin listing via Bright Data djnicholasq; Zillow trends via Bright Data ajumobinicholasY; roanokeva.gov fee, budget and crime-mapping pages, Cardinal News, VDH and rkehousing.org by WebFetch; the county Airport Overlay hosted feature service by urllib; ESRI World Imagery export by curl; Dropbox connector (list, download links) for the live campaign files; the 23 frames by the Read tool with Pillow crops"
transports,failed_or_not_retrieved,"westernvawater.org rates, backup and service-line pages (403 to WebFetch and curl; empty body via Bright Data bjumobinicholasY); WVWA service line inventory web app (private ArcGIS item, 403); EPA Virginia radon zone list (403); sosradon fact sheet (404); municode 36.2-330 (script-rendered, empty); Engineering_CIP within 500 m (no features); WVWA_Sewer (HTTP 500 on three calls, served on the fourth); TRAKiT layer 22 (HTTP 400, as the advisory found); Census Reporter batch call (403 after the first call served); eTrakit detail views (login-gated by design); RRHA payment standards (not on the HCV page; the 2026 annual plan PDF carries policy text only); the assessor photo -2 and -3 (404); pdftotext and pypdf unavailable in the container (pymupdf used)"
transports,not_done,Roanoke Circuit Court land records (instrument 180011508; subscription); CityProtect incident query; ROA Part 150 noise map; the Williamson Road Area plan text; an appraiser's or insurer's read; the manager's identity
