region,rank,zip,listings,geocoded,read,robbery_F,robbery_F_share,ncva_rule_share,listings_last_two_runs,decision
ncva,1,27893,15,15,15,2,0.13,0.07,30,keep
ncva,2,24016,10,10,10,0,0.0,0.0,21,keep
ncva,3,23803,13,13,13,4,0.31,0.23,27,keep
ncva,4,24012,11,11,11,0,0.0,0.0,21,keep
ncva,5,23704,13,13,13,7,0.54,0.54,27,keep
ncva,6,27701,12,12,12,12,1.0,0.5,22,"keep through the runs of 2026-10-26 (Mon) / 2026-10-29 (Thu), then the standing rule on the survivor count"
ncva,7,28052,8,8,8,2,0.25,0.25,17,keep
ncva,8,27707,8,6,6,6,1.0,0.67,17,"keep through the runs of 2026-10-26 (Mon) / 2026-10-29 (Thu), then the standing rule on the survivor count"
ncva,9,22801,10,4,4,0,0.0,0.0,20,keep
ncva,10,28303,13,13,13,11,0.85,0.85,25,"drop (decision 2, memo 72 section 1, accepted 2026-10-04)"
ncva,11,27610,9,9,9,3,0.33,0.33,18,keep
ncva,12,24017,5,5,5,0,0.0,0.0,10,keep
ncva,13,27401,9,8,8,0,0.0,0.0,18,keep
ncva,14,24501,10,10,10,4,0.4,0.4,19,keep
ncva,15,22903,9,8,8,0,0.0,0.0,19,keep
ncva,16,28208,10,9,9,3,0.33,0.33,19,keep
ncva,17,24013,7,7,7,2,0.29,0.29,14,keep
ncva,18,27834,9,8,8,3,0.38,0.38,18,keep
ncva,19,24541,7,7,7,0,0.0,0.0,16,keep
ncva,20,23707,4,4,4,3,0.75,0.75,12,keep
ncva,21,27101,5,5,5,2,0.4,0.4,12,keep
ncva,22,24401,7,7,7,0,0.0,0.0,14,keep
ncva,23,24540,5,5,5,0,0.0,0.0,11,keep
ncva,24,23224,6,6,6,2,0.33,0.33,13,keep
ncva,25,28206,9,9,9,9,1.0,1.0,17,"drop (decision 2, memo 72 section 1, accepted 2026-10-04)"
ncva,26,28306,7,7,7,0,0.0,0.0,14,keep
ncva,27,24141,9,8,8,0,0.0,0.0,16,keep
ncva,28,27203,8,6,6,0,0.0,0.0,16,keep
ncva,29,27604,6,6,6,0,0.0,0.0,13,keep
ncva,30,23607,5,5,5,4,0.8,0.8,11,"drop (decision 2, memo 72 section 1, accepted 2026-10-04)"
ncva,31,28677,6,6,6,0,0.0,0.0,12,keep
ncva,32,28083,7,7,7,0,0.0,0.0,14,keep
ncva,33,24153,5,5,5,0,0.0,0.0,9,keep
ncva,34,28034,6,6,6,0,0.0,0.0,12,keep
ncva,35,27302,6,6,5,0,0.0,0.0,12,keep
ncva,36,28304,5,5,5,2,0.4,0.4,9,keep
ncva,37,27215,7,7,7,4,0.57,0.57,14,keep
ncva,38,27217,7,7,7,2,0.29,0.29,14,keep
ncva,39,27705,7,7,7,6,0.86,0.14,14,keep
ncva,40,28655,8,4,4,0,0.0,0.0,15,keep
ncva,41,28216,3,2,2,2,1.0,1.0,7,keep
ncva,42,27704,5,5,5,1,0.2,0.0,10,keep
ncva,43,24219,5,5,5,0,0.0,0.0,10,keep
ncva,44,24230,5,4,4,0,0.0,0.0,10,keep
ncva,45,23060,5,0,0,0,,,10,keep
ncva,46,22902,3,2,2,0,0.0,0.0,7,keep
ncva,47,22840,4,0,0,0,,,9,keep
ncva,48,27703,5,5,5,5,1.0,0.6,10,"keep through the runs of 2026-10-26 (Mon) / 2026-10-29 (Thu), then the standing rule on the survivor count"
ncva,49,27801,4,2,2,1,0.5,0.5,8,keep
ncva,50,27530,5,5,5,1,0.2,0.2,9,keep
ncva,51,28540,5,5,5,0,0.0,0.0,10,keep
ncva,52,28301,9,9,9,2,0.22,0.22,18,keep
ncva,53,24112,4,4,4,0,0.0,0.0,8,keep
ncva,54,28092,5,5,1,0,0.0,0.0,10,keep
ncva,55,27536,4,3,3,2,0.67,0.67,9,keep
ncva,56,27127,3,1,1,0,0.0,0.0,7,keep
ncva,57,28645,5,5,5,0,0.0,0.0,10,keep
ncva,58,27320,6,6,6,0,0.0,0.0,11,keep
ncva,59,28205,4,4,4,3,0.75,0.75,8,keep
ncva,60,27030,4,3,3,0,0.0,0.0,8,keep
ncva,61,28320,2,2,0,0,,,6,keep
ncva,62,27360,6,4,4,0,0.0,0.0,10,keep
ncva,63,24502,5,5,5,0,0.0,0.0,9,keep
ncva,64,28602,5,5,5,0,0.0,0.0,11,keep
ncva,65,27288,1,1,1,0,0.0,0.0,3,keep
ncva,66,28025,3,3,3,0,0.0,0.0,6,keep
ncva,67,28532,3,3,3,0,0.0,0.0,6,keep
ncva,68,22901,3,3,2,0,0.0,0.0,6,keep
ncva,69,28144,4,4,4,0,0.0,0.0,8,keep
ncva,70,28412,3,1,1,0,0.0,0.0,6,keep
ncva,71,23222,4,4,4,0,0.0,0.0,8,keep
ncva,72,28217,4,0,0,0,,,7,keep
ncva,73,27529,3,3,3,0,0.0,0.0,6,keep
ncva,74,27520,4,1,1,0,0.0,0.0,8,keep
ncva,75,23223,4,4,4,2,0.5,0.5,7,keep
ncva,76,27576,5,5,5,0,0.0,0.0,9,keep
ncva,77,28056,3,3,1,0,0.0,0.0,10,keep
ncva,78,28659,4,3,3,1,0.33,0.33,7,keep
ncva,79,27403,2,2,2,0,0.0,0.0,4,keep
ncva,80,28312,3,2,2,0,0.0,0.0,6,keep
ncva,81,22601,6,5,5,1,0.2,0.2,9,keep
ncva,82,28203,3,3,3,0,0.0,0.0,6,keep
ncva,83,28001,4,4,4,1,0.25,0.25,8,keep
ncva,84,28613,2,2,2,0,0.0,0.0,5,keep
ncva,85,24202,2,2,2,0,0.0,0.0,4,keep
ncva,86,24319,3,3,3,0,0.0,0.0,6,keep
ncva,87,28170,3,1,1,0,0.0,0.0,6,keep
ncva,88,24301,3,3,3,0,0.0,0.0,6,keep
ncva,89,24503,4,4,4,0,0.0,0.0,7,keep
ncva,90,24416,3,3,3,0,0.0,0.0,6,keep
ncva,91,24361,2,1,1,0,0.0,0.0,4,keep
ncva,92,24523,2,2,2,0,0.0,0.0,5,keep
ncva,93,28722,4,2,2,0,0.0,0.0,8,keep
ncva,94,27804,1,1,1,1,1.0,1.0,3,keep
ncva,95,28358,2,2,2,0,0.0,0.0,4,keep
ncva,96,27407,2,2,2,1,0.5,0.5,4,keep
ncva,97,28352,2,2,2,1,0.5,0.5,4,keep
ncva,98,27260,3,3,3,1,0.33,0.33,6,keep
ncva,99,27405,3,3,3,1,0.33,0.0,6,keep
ncva,100,28601,2,2,2,0,0.0,0.0,4,keep
phila,1,13760,29,29,29,3,0.1,,57,keep
phila,2,19139,43,43,43,27,0.63,,85,keep
phila,3,13905,40,40,40,3,0.07,,80,keep
phila,4,19111,14,14,14,0,0.0,,29,keep
phila,5,18702,27,26,26,1,0.04,,55,keep
phila,6,18704,19,18,18,0,0.0,,39,keep
phila,7,19148,29,29,29,1,0.03,,58,keep
phila,8,19121,42,41,41,7,0.17,,84,keep
phila,9,19149,13,13,13,2,0.15,,30,keep
phila,10,19131,25,25,25,15,0.6,,50,keep
phila,11,19151,18,18,18,6,0.33,,36,keep
phila,12,18504,32,32,32,9,0.28,,65,keep
phila,13,19120,28,28,28,13,0.46,,56,keep
phila,14,19143,39,39,39,11,0.28,,78,keep
phila,15,18509,16,16,16,4,0.25,,33,keep
phila,16,19152,4,4,4,0,0.0,,9,keep
phila,17,13903,16,16,16,3,0.19,,32,keep
phila,18,19082,11,11,11,4,0.36,,22,keep
phila,19,19114,5,5,5,0,0.0,,10,keep
phila,20,19601,12,12,12,6,0.5,,24,keep
phila,21,08021,5,5,5,0,0.0,,10,keep
phila,22,19144,20,19,19,6,0.32,,40,keep
phila,23,18505,23,22,22,5,0.23,,46,keep
phila,24,19141,28,27,27,19,0.7,,56,keep
phila,25,19050,10,9,9,4,0.44,,20,keep
phila,26,14830,10,9,9,0,0.0,,20,keep
phila,27,08105,4,4,4,3,0.75,,8,keep
phila,28,19401,14,14,14,3,0.21,,29,keep
phila,29,19446,2,2,2,0,0.0,,4,keep
phila,30,14843,6,6,6,0,0.0,,12,keep
phila,31,18512,8,6,6,0,0.0,,16,keep
phila,32,08360,10,10,10,3,0.3,,21,keep
phila,33,18510,16,16,16,1,0.06,,36,keep
phila,34,19128,11,11,11,0,0.0,,23,keep
phila,35,19136,6,6,6,0,0.0,,12,keep
phila,36,19153,2,2,2,0,0.0,,4,keep
phila,37,19023,8,8,8,4,0.5,,16,keep
phila,38,19805,5,5,5,1,0.2,,10,keep
phila,39,18508,11,11,11,2,0.18,,22,keep
phila,40,08401,33,33,33,7,0.21,,66,keep
phila,41,13790,19,16,16,3,0.19,,38,keep
phila,42,17815,16,12,11,0,0.0,,30,keep
phila,43,17901,9,9,9,0,0.0,,21,keep
phila,44,14901,22,22,22,0,0.0,,44,keep
phila,45,19026,4,4,4,0,0.0,,8,keep
phila,46,19140,41,40,40,33,0.82,,82,keep
phila,47,19020,0,0,0,0,,,0,drop (standing rule: no listing on the last two runs)
phila,48,19134,27,26,26,19,0.73,,54,keep
phila,49,19720,0,0,0,0,,,0,drop (standing rule: no listing on the last two runs)
phila,50,08052,1,1,1,0,0.0,,2,keep
phila,51,18201,20,16,16,0,0.0,,40,keep
phila,52,18407,11,11,11,0,0.0,,22,keep
phila,53,19125,16,16,16,11,0.69,,32,keep
phila,54,13904,12,12,12,2,0.17,,23,keep
phila,55,18603,12,8,8,0,0.0,,22,keep
phila,56,19104,42,41,41,20,0.49,,85,keep
phila,57,19460,1,1,1,0,0.0,,2,keep
phila,58,19145,27,26,26,5,0.19,,55,keep
phila,59,19604,1,1,1,0,0.0,,2,keep
phila,60,18634,18,13,13,0,0.0,,36,keep
phila,61,18640,5,5,5,0,0.0,,10,keep
phila,62,19135,14,14,14,4,0.29,,28,keep
phila,63,19154,3,3,3,1,0.33,,6,keep
phila,64,08060,1,1,1,0,0.0,,2,keep
phila,65,08232,2,2,2,0,0.0,,4,keep
phila,66,19464,9,9,9,0,0.0,,19,keep
phila,67,19115,5,4,4,0,0.0,,10,keep
phila,68,19138,12,12,12,3,0.25,,25,keep
phila,69,08075,2,2,2,0,0.0,,4,keep
phila,70,19013,9,9,9,8,0.89,,21,keep
phila,71,18447,5,5,5,3,0.6,,10,keep
phila,72,18705,6,5,5,0,0.0,,12,keep
phila,73,19007,0,0,0,0,,,0,drop (standing rule: no listing on the last two runs)
phila,74,19018,4,4,4,1,0.25,,8,keep
phila,75,13827,4,4,4,0,0.0,,8,keep
phila,76,19090,1,1,1,0,0.0,,2,keep
phila,77,14845,0,0,0,0,,,0,drop (standing rule: no listing on the last two runs)
phila,78,18518,1,1,1,0,0.0,,2,keep
phila,79,18706,8,7,7,0,0.0,,16,keep
phila,80,17801,3,3,3,0,0.0,,6,keep
phila,81,13901,17,17,17,7,0.41,,33,keep
phila,82,18643,1,1,1,0,0.0,,2,keep
phila,83,18644,0,0,0,0,,,0,drop (standing rule: no listing on the last two runs)
phila,84,18651,16,15,15,0,0.0,,34,keep
phila,85,14892,5,5,5,0,0.0,,10,keep
phila,86,18202,8,4,4,0,0.0,,16,keep
phila,87,18641,1,1,1,0,0.0,,2,keep
phila,88,17870,0,0,0,0,,,0,drop (standing rule: no listing on the last two runs)
phila,89,18612,2,2,2,0,0.0,,4,keep
phila,90,18452,2,2,2,0,0.0,,4,keep
phila,91,18434,0,0,0,0,,,0,drop (standing rule: no listing on the last two runs)
phila,92,18252,7,7,7,0,0.0,,14,keep
phila,93,18411,2,2,2,0,0.0,,4,keep
phila,94,18519,5,5,5,0,0.0,,10,keep
phila,95,18517,3,3,3,0,0.0,,7,keep
phila,96,18237,4,3,3,0,0.0,,8,keep
phila,97,18642,1,1,1,0,0.0,,2,keep
phila,98,18433,0,0,0,0,,,0,drop (standing rule: no listing on the last two runs)
phila,99,13850,4,4,4,0,0.0,,8,keep
phila,100,13811,1,1,1,0,0.0,,2,keep
pitt,1,15221,19,19,19,6,0.32,,38,keep
pitt,2,16001,31,27,27,5,0.19,,62,keep
pitt,3,21502,23,23,21,0,0.0,,47,keep
pitt,4,15210,32,31,31,9,0.29,,65,keep
pitt,5,15203,25,25,25,16,0.64,,51,keep
pitt,6,26101,12,12,12,4,0.33,,23,keep
pitt,7,15216,5,5,5,0,0.0,,10,keep
pitt,8,44460,0,0,0,0,,,0,drop (standing rule: no listing on the last two runs)
pitt,9,15401,7,7,7,0,0.0,,16,keep
pitt,10,44512,4,4,4,0,0.0,,8,keep
pitt,11,15205,5,5,5,0,0.0,,12,keep
pitt,12,15601,16,12,12,2,0.17,,34,keep
pitt,13,26554,11,8,8,1,0.12,,25,keep
pitt,14,15202,13,13,13,0,0.0,,26,keep
pitt,15,25701,7,7,7,1,0.14,,16,keep
pitt,16,15301,16,16,16,0,0.0,,33,keep
pitt,17,15701,11,10,10,0,0.0,,22,keep
pitt,18,15211,9,9,9,0,0.0,,18,keep
pitt,19,15227,11,10,10,0,0.0,,23,keep
pitt,20,15224,7,7,7,1,0.14,,15,keep
pitt,21,15136,21,21,21,3,0.14,,45,keep
pitt,22,15212,29,29,29,8,0.28,,59,keep
pitt,23,15068,17,17,17,0,0.0,,34,keep
pitt,24,15120,21,21,21,10,0.48,,44,keep
pitt,25,15106,9,9,9,0,0.0,,18,keep
pitt,26,43952,5,5,5,1,0.2,,10,keep
pitt,27,26301,10,10,10,0,0.0,,21,keep
pitt,28,44446,4,3,3,0,0.0,,8,keep
pitt,29,45750,1,1,1,0,0.0,,2,keep
pitt,30,15650,4,3,3,0,0.0,,8,keep
pitt,31,15108,4,4,4,0,0.0,,8,keep
pitt,32,15010,11,6,6,0,0.0,,21,keep
pitt,33,44484,1,1,1,0,0.0,,2,keep
pitt,34,44515,0,0,0,0,,,0,drop (standing rule: no listing on the last two runs)
pitt,35,26003,19,18,18,6,0.33,,39,keep
pitt,36,15501,2,2,2,0,0.0,,4,keep
pitt,37,15425,2,2,2,0,0.0,,4,keep
pitt,38,15226,4,4,4,0,0.0,,7,keep
pitt,39,16125,2,2,2,0,0.0,,5,keep
pitt,40,26505,21,19,19,1,0.05,,42,keep
pitt,41,15902,10,10,10,0,0.0,,25,keep
pitt,42,25705,3,2,2,0,0.0,,6,keep
pitt,43,15145,5,5,5,1,0.2,,12,keep
pitt,44,16101,11,11,11,0,0.0,,22,keep
pitt,45,44483,5,5,5,1,0.2,,10,keep
pitt,46,15644,10,9,9,0,0.0,,19,keep
pitt,47,15642,3,3,3,0,0.0,,7,keep
pitt,48,16146,7,7,7,0,0.0,,16,keep
pitt,49,15104,2,2,2,0,0.0,,4,keep
pitt,50,15218,8,8,8,2,0.25,,17,keep
pitt,51,15003,12,12,12,0,0.0,,25,keep
pitt,52,44444,1,1,1,0,0.0,,2,keep
pitt,53,15666,2,2,2,0,0.0,,4,keep
pitt,54,15132,12,11,11,4,0.36,,25,keep
pitt,55,15022,10,10,10,4,0.4,,19,keep
pitt,56,15229,1,1,1,0,0.0,,2,keep
pitt,57,15208,5,5,5,3,0.6,,10,keep
pitt,58,15220,9,9,9,7,0.78,,18,keep
pitt,59,15217,18,18,18,4,0.22,,37,keep
pitt,60,15219,5,4,4,3,0.75,,11,keep
pitt,61,15234,4,4,4,2,0.5,,8,keep
pitt,62,15066,9,8,8,0,0.0,,17,keep
pitt,63,15906,7,7,7,0,0.0,,15,keep
pitt,64,41101,3,3,3,0,0.0,,6,keep
pitt,65,15717,0,0,0,0,,,0,drop (standing rule: no listing on the last two runs)
pitt,66,15904,0,0,0,0,,,0,drop (standing rule: no listing on the last two runs)
pitt,67,26062,8,8,8,0,0.0,,17,keep
pitt,68,25311,1,1,1,0,0.0,,2,keep
pitt,69,25177,1,1,1,0,0.0,,2,keep
pitt,70,43935,2,2,2,0,0.0,,5,keep
pitt,71,44420,4,4,4,0,0.0,,8,keep
pitt,72,15209,9,9,9,0,0.0,,19,keep
pitt,73,43906,2,2,2,0,0.0,,4,keep
pitt,74,16127,2,2,2,0,0.0,,4,keep
pitt,75,15201,16,16,16,0,0.0,,32,keep
pitt,76,26501,9,8,8,0,0.0,,20,keep
pitt,77,15214,7,7,7,3,0.43,,14,keep
pitt,78,15065,1,1,1,0,0.0,,2,keep
pitt,79,15905,8,8,8,0,0.0,,15,keep
pitt,80,45714,2,2,2,0,0.0,,4,keep
pitt,81,15215,8,8,8,5,0.62,,16,keep
pitt,82,15223,4,4,4,0,0.0,,8,keep
pitt,83,15001,6,6,6,0,0.0,,12,keep
pitt,84,15207,3,3,3,1,0.33,,6,keep
pitt,85,15084,7,7,7,0,0.0,,15,keep
pitt,86,15683,2,2,2,0,0.0,,4,keep
pitt,87,21532,8,7,5,0,0.0,,17,keep
pitt,88,15147,7,7,7,0,0.0,,14,keep
pitt,89,43953,1,1,1,0,0.0,,2,keep
pitt,90,16201,3,3,3,0,0.0,,6,keep
pitt,91,15112,2,2,2,1,0.5,,5,keep
pitt,92,15235,6,5,5,0,0.0,,12,keep
pitt,93,15137,4,4,4,0,0.0,,8,keep
pitt,94,15317,5,4,4,0,0.0,,9,keep
pitt,95,15656,2,2,2,0,0.0,,4,keep
pitt,96,15690,5,5,5,0,0.0,,10,keep
pitt,97,15206,19,19,19,5,0.26,,38,keep
pitt,98,15204,5,5,5,1,0.2,,10,keep
pitt,99,15931,2,2,2,0,0.0,,4,keep
pitt,100,26508,0,0,0,0,,,0,drop (standing rule: no listing on the last two runs)
ohio,1,44107,28,28,28,1,0.04,,56,keep
ohio,2,44102,41,41,41,31,0.76,,83,keep
ohio,3,44109,43,43,43,27,0.63,,84,keep
ohio,4,44105,45,45,45,38,0.84,,89,"keep through the runs of 2026-10-26 (Mon) / 2026-10-29 (Thu), then the standing rule on the survivor count"
ohio,5,44111,17,17,17,7,0.41,,35,keep
ohio,6,44120,44,44,44,37,0.84,,87,"keep through the runs of 2026-10-26 (Mon) / 2026-10-29 (Thu), then the standing rule on the survivor count"
ohio,7,44646,8,8,7,0,0.0,,16,keep
ohio,8,45324,6,6,6,0,0.0,,11,keep
ohio,9,44110,43,43,43,34,0.79,,88,keep
ohio,10,44708,2,2,2,2,1.0,,5,keep
ohio,11,44035,10,10,10,1,0.1,,22,keep
ohio,12,44870,13,13,13,0,0.0,,26,keep
ohio,13,45365,2,2,2,1,0.5,,5,keep
ohio,14,45429,4,4,4,0,0.0,,7,keep
ohio,15,43606,11,11,11,4,0.36,,23,keep
ohio,16,44306,6,6,6,3,0.5,,12,keep
ohio,17,44663,2,2,2,0,0.0,,4,keep
ohio,18,44108,42,42,42,35,0.83,,86,"keep through the runs of 2026-10-26 (Mon) / 2026-10-29 (Thu), then the standing rule on the survivor count"
ohio,19,44203,5,4,4,1,0.25,,11,keep
ohio,20,43420,2,2,2,0,0.0,,4,keep
ohio,21,43615,2,2,2,0,0.0,,5,keep
ohio,22,43614,5,5,5,2,0.4,,10,keep
ohio,23,44601,2,2,2,0,0.0,,4,keep
ohio,24,44106,14,14,14,5,0.36,,29,keep
ohio,25,45405,35,35,35,12,0.34,,72,keep
ohio,26,44125,10,10,10,1,0.1,,21,keep
ohio,27,44221,2,2,2,0,0.0,,3,keep
ohio,28,45431,0,0,0,0,,,0,drop (standing rule: no listing on the last two runs)
ohio,29,45424,0,0,0,0,,,0,drop (standing rule: no listing on the last two runs)
ohio,30,45503,11,11,11,0,0.0,,22,keep
ohio,31,45458,0,0,0,0,,,0,drop (standing rule: no listing on the last two runs)
ohio,32,44004,6,6,6,2,0.33,,12,keep
ohio,33,44104,28,28,28,24,0.86,,55,"keep through the runs of 2026-10-26 (Mon) / 2026-10-29 (Thu), then the standing rule on the survivor count"
ohio,34,43612,9,9,9,4,0.44,,20,keep
ohio,35,43613,5,5,5,0,0.0,,10,keep
ohio,36,44077,7,7,6,0,0.0,,14,keep
ohio,37,44134,3,3,3,0,0.0,,6,keep
ohio,38,44720,2,2,2,0,0.0,,3,keep
ohio,39,45406,10,10,10,0,0.0,,20,keep
ohio,40,45331,1,1,1,0,0.0,,2,keep
ohio,41,45449,1,1,1,0,0.0,,2,keep
ohio,42,44103,27,27,27,26,0.96,,57,"drop (decision 2, memo 72 section 1, accepted 2026-10-04)"
ohio,43,43402,0,0,0,0,,,1,keep
ohio,44,45420,1,1,1,0,0.0,,2,keep
ohio,45,45459,0,0,0,0,,,0,drop (standing rule: no listing on the last two runs)
ohio,46,44118,18,18,18,2,0.11,,39,keep
ohio,47,44052,15,15,15,0,0.0,,30,keep
ohio,48,44060,1,1,1,0,0.0,,2,keep
ohio,49,44266,0,0,0,0,,,1,keep
ohio,50,44144,2,2,2,1,0.5,,4,keep
ohio,51,44709,3,3,3,0,0.0,,5,keep
ohio,52,44240,1,1,1,0,0.0,,2,keep
ohio,53,44857,3,3,3,0,0.0,,7,keep
ohio,54,44224,3,3,3,0,0.0,,5,keep
ohio,55,44146,7,7,7,0,0.0,,14,keep
ohio,56,44202,0,0,0,0,,,0,drop (standing rule: no listing on the last two runs)
ohio,57,44314,3,3,3,1,0.33,,6,keep
ohio,58,44123,5,5,5,0,0.0,,10,keep
ohio,59,44302,4,4,4,0,0.0,,8,keep
ohio,60,44641,6,6,6,0,0.0,,12,keep
ohio,61,43812,5,4,4,0,0.0,,11,keep
ohio,62,43410,0,0,0,0,,,0,drop (standing rule: no listing on the last two runs)
ohio,63,44122,12,12,12,2,0.17,,24,keep
ohio,64,44622,0,0,0,0,,,0,drop (standing rule: no listing on the last two runs)
ohio,65,43605,26,25,25,19,0.76,,54,keep
ohio,66,44119,3,3,3,2,0.67,,7,keep
ohio,67,44305,9,9,9,1,0.11,,18,keep
ohio,68,44223,1,1,1,0,0.0,,3,keep
ohio,69,44129,1,1,1,0,0.0,,1,keep
ohio,70,44312,2,2,2,0,0.0,,4,keep
ohio,71,44112,41,40,40,39,0.97,,82,"drop (decision 2, memo 72 section 1, accepted 2026-10-04)"
ohio,72,44667,0,0,0,0,,,0,drop (standing rule: no listing on the last two runs)
ohio,73,44703,8,8,8,4,0.5,,15,keep
ohio,74,43607,11,11,11,5,0.45,,22,keep
ohio,75,44113,18,18,18,11,0.61,,35,keep
ohio,76,44706,1,1,1,0,0.0,,2,keep
ohio,77,44319,4,4,4,0,0.0,,8,keep
ohio,78,44041,0,0,0,0,,,0,drop (standing rule: no listing on the last two runs)
ohio,79,44657,0,0,0,0,,,0,drop (standing rule: no listing on the last two runs)
ohio,80,44614,0,0,0,0,,,0,drop (standing rule: no listing on the last two runs)
ohio,81,44055,3,3,3,1,0.33,,6,keep
ohio,82,44320,5,5,5,1,0.2,,11,keep
ohio,83,44130,1,1,1,0,0.0,,2,keep
ohio,84,44310,7,7,7,0,0.0,,16,keep
ohio,85,44691,2,1,1,0,0.0,,4,keep
ohio,86,44311,9,8,8,7,0.88,,21,keep
ohio,87,44811,5,4,4,0,0.0,,10,keep
ohio,88,44278,0,0,0,0,,,0,drop (standing rule: no listing on the last two runs)
ohio,89,44710,3,3,3,0,0.0,,6,keep
ohio,90,44094,0,0,0,0,,,0,drop (standing rule: no listing on the last two runs)
ohio,91,44647,2,2,2,0,0.0,,4,keep
ohio,92,44057,1,1,1,0,0.0,,2,keep
ohio,93,44683,0,0,0,0,,,0,drop (standing rule: no listing on the last two runs)
ohio,94,44281,2,2,2,0,0.0,,4,keep
ohio,95,44301,8,8,8,4,0.5,,21,keep
ohio,96,44256,2,2,2,0,0.0,,4,keep
ohio,97,44707,1,1,1,1,1.0,,2,keep
ohio,98,44212,0,0,0,0,,,0,drop (standing rule: no listing on the last two runs)
ohio,99,44313,1,1,1,0,0.0,,3,keep
ohio,100,44121,4,4,4,0,0.0,,8,keep
