fips,county,scored_area,memo_section,B25103_001E_median_real_estate_taxes_2020-24,B25103_001M_moe90,B25077_001E_median_owner_value_2020-24,B25077_001M_moe90,owner_tax_rate_pct_2020-24,B25103_001E_2024_1yr,B25077_001E_2024_1yr,owner_tax_rate_pct_2024_1yr,B25103_001E_2019-23,B25077_001E_2019-23,owner_tax_rate_pct_2019-23,source_2020-24,census_api_2020-24_crosscheck,fetched
39035,"Cuyahoga County, OH","Cleveland–Akron–Canton, OH CSA",5.2,3910,35,195400,1919,2.001,3822,212700,1.797,3819,183200,2.085,Census Reporter API acs2024_5yr (api.censusreporter.org),identical,2026-09-28
39153,"Summit County, OH","Cleveland–Akron–Canton, OH CSA",5.2,3195,48,208700,2983,1.531,3328,229300,1.451,3018,195700,1.542,Census Reporter API acs2024_5yr (api.censusreporter.org),not served,2026-09-28
18097,"Marion County, IN","Indianapolis–Carmel–Muncie, IN CSA",5.2,2028,35,224000,2242,0.905,2228,240300,0.927,1923,207000,0.929,Census Reporter API acs2024_5yr (api.censusreporter.org),not served,2026-09-28
45079,"Richland County, SC","Columbia–Sumter–Orangeburg, SC CSA",5.2,1637,39,242800,4791,0.674,1618,273600,0.591,1569,224200,0.7,Census Reporter API acs2024_5yr (api.censusreporter.org),not served,2026-09-28
54039,"Kanawha County, WV","Charleston–Huntington–Ashland, WV-OH-KY CSA",5.2,964,32,147300,4303,0.654,987,151800,0.65,922,135000,0.683,Census Reporter API acs2024_5yr (api.censusreporter.org),identical,2026-09-28
01073,"Jefferson County, AL","Birmingham–Cullman–Talladega, AL CSA",5.2,1409,35,240000,4979,0.587,1546,263100,0.588,1340,224900,0.596,Census Reporter API acs2024_5yr (api.censusreporter.org),identical,2026-09-28
28049,"Hinds County, MS","Jackson–Vicksburg–Brookhaven, MS CSA",5.2,1403,49,159900,4581,0.877,1361,163300,0.833,,,,Census Reporter API acs2024_5yr (api.censusreporter.org),identical,2026-09-28
48201,"Harris County, TX",none (Houston not among the 189 areas),5.2,4489,46,276600,1878,1.623,4416,301700,1.464,4382,255000,1.718,Census Reporter API acs2024_5yr (api.censusreporter.org),not served,2026-09-28
22071,"Orleans Parish, LA","New Orleans–Metairie–Slidell, LA-MS CSA",5.2,2606,93,315700,7417,0.825,2695,305100,0.883,2428,296400,0.819,Census Reporter API acs2024_5yr (api.censusreporter.org),not served,2026-09-28
36007,"Broome County, NY","Binghamton, NY MSA",5.2,3902,112,154900,3077,2.519,3735,162600,2.297,3824,145100,2.635,Census Reporter API acs2024_5yr (api.censusreporter.org),identical,2026-09-28
42101,"Philadelphia County, PA","Philadelphia–Reading–Camden, PA-NJ-DE-MD CSA",5.2,2003,31,243100,2641,0.824,2100,253600,0.828,,,,Census Reporter API acs2024_5yr (api.censusreporter.org),not served,2026-09-28
42003,"Allegheny County, PA","Pittsburgh–Weirton–Steubenville, PA-OH-WV CSA",5.2,3451,32,227600,1801,1.516,3368,242600,1.388,3399,216700,1.569,Census Reporter API acs2024_5yr (api.censusreporter.org),identical,2026-09-28
