taxid,addr,date,amt,assess2025,assess2026,nbhd,zip,doc,acres
4300132,3484 YELLOW MOUNTAIN RD SE,2024-01-10,225000,194000,217200,143,94127,240000308,0.4274
1620509,2617 LABURNUM AVE SW,2024-01-16,305000,193600,227600,372,24018,240000601,0.2239
1241004,1022 WINDSOR AVE SW,2024-01-25,245000,234200,276300,282,24018,240000804,0.1496
1241202,1904 WARRINGTON RD SW,2024-01-25,294000,256000,297200,281,24015,240000824,0.1716
4311005,1927 FALLON AVE SE,2024-01-31,415000,154300,174900,100,24121,240001260,0.1978
4311006,1933 FALLON AVE SE,2024-01-31,415000,168600,190000,100,24121,240001260,0.1923
2181509,4710 FLORIST RD NW,2024-02-05,235000,191100,212900,16,24059,240001426,0.2729
1120709,622 ELM AVE SW,2024-02-06,320000,273000,332900,171,24175,240001271,0.1474
2080249,2827 CLARENDON AVE NW,2024-02-06,440000,191700,219200,533,24019,240001200,0.2001
2080250,2821 CLARENDON AVE NW,2024-02-06,440000,191700,219200,533,24019,240001200,0.1876
2060210,3221 COURTLAND RD NW,2024-02-12,237000,175200,210700,12,24012,240001455,0.1504
4340722,1716 JEROME ST SE,2024-02-21,236000,157900,180200,130,24017,240001702,0.1605
1120708,626 ELM AVE SW,2024-02-26,320000,273000,332900,171,24175,240002081,0.1504
2071101,2629 BOWMAN ST NW,2024-04-02,105000,152800,181100,11,24012,240003528,0.204
2070348,2525 TUDOR LN NW,2024-04-05,185000,178400,210700,11,24012,240003012,0.1743
1160118,2531 STEPHENSON AVE SW,2024-05-06,300000,305900,372400,161,24153,240003848,0.1588
4300135,3452 YELLOW MOUNTAIN RD SE,2024-05-09,150000,193200,216200,143,24151,240004257,0.3531
3110215,1904 WAYNE ST NE,2024-05-21,175000,186400,202300,13,24018,240005750,0.1546
2480133,1708 COVELAND DR NW,2024-06-03,175000,140500,167200,510,24017,240004776,0.1271
1140201,530 WOODS AVE SW,2024-06-25,220000,248300,263400,172,24153,240005725,0.1494
4141309,1337 MEMPHIS ST SE,2024-07-16,257740,156300,178100,121,24023,240006475,0.2483
1650927,3018 SWEETBRIER AVE SW,2024-08-14,210000,179600,212100,350,27127,240007633,0.1368
4380718,3316 TROXELL RD SE,2024-09-12,193000,158600,164600,143,24179,240007987,0.386
1520603,2423 MAIDEN LN SW,2024-09-25,455000,249100,293000,374,24015,240008420,0.3447
3222103,1708 EASTERN AVE NE,2024-09-26,150000,175500,182700,71,02169-1046,240008343,0.162
1130419,1329 MAIN ST SW,2024-09-27,300000,197100,228800,282,24065,240008466,0.1436
2331916,904 21ST ST NW,2024-10-07,240000,128200,150300,222,24018,240008632,0.1623
3222032,1627 WALLACE AVE NE,2024-10-07,240000,187200,191100,72,24141,240009195,0.2042
2220613,1213 HANOVER AVE NW,2024-10-09,55000,109800,109800,222,24019,240009697,0.1501
3160463,213 WILDHURST AVE NE,2024-10-17,240000,201300,218700,14,24019,240009495,0.1618
3160464,219 WILDHURST AVE NE,2024-10-17,240000,204700,213100,15,24019,240009502,0.1673
4350312,1623 REDWOOD RD SE,2024-10-18,170000,169800,193800,130,24175,240009737,0.2082
2110912,919 GILMER AVE NW,2024-10-30,165000,109500,125500,250,24153,240009533,0.1292
1341019,1545 BRANDON AVE SW,2024-11-06,365950,295500,349100,362,24015,240009861,0.1787
4141306,1323 MEMPHIS ST SE,2024-11-06,204000,159800,179500,121,24018,240010889,0.1796
3120401,2144 BYRD AVE NE,2024-11-25,192500,188000,197500,13,24019,240010160,0.1265
3120413,2151 LARCHWOOD AVE NE,2024-11-25,192500,188000,197500,13,24019,240010145,0.1262
3330803,708 CONWAY ST NE,2024-12-05,195000,179300,179300,71,24019,240010799,0.1648
1271211,2135 SANFORD AVE SW,2024-12-12,250000,167600,195300,290,24015,24001057,0.1067
3081234,2022 COLGATE ST NE,2024-12-16,155000,135300,144500,13,20147,250000262,0.1817
1650925,3028 BRAMBLETON AVE SW,2024-12-19,205000,168600,196200,350,24179,250000984,0.1537
1340304,1714 ARLINGTON RD SW,2025-01-03,350000,357500,418400,362,24014,250000673,0.1821
4320121,2024 KENWOOD BLVD SE,2025-01-30,206250,153200,176200,100,24018,250000880,0.1859
2091710,3316 TROY AVE NW,2025-02-20,255000,293100,330200,16,24018,250001873,0.3475
3090613,160 AVENDALE AVE NE,2025-02-20,210000,184100,199800,13,24153,250001522,0.1649
1450901,1672 BRANDON AVE SW,2025-04-08,360000,256600,313100,341,24065,250003107,0.2086
3180941,521 FLEMING AVE NE,2025-04-22,167500,192800,192800,15,24014,250003511,0.2067
2071103,2617 BOWMAN ST NW,2025-04-30,212000,147700,146100,11,24012,250003683,0.2038
1112613,1017 CHAPMAN AVE SW,2025-05-08,160000,114600,428000,261,23294,250004214,0.1359
4122850,1141 12TH ST SE,2025-05-27,283500,163000,183200,120,24019,250005476,0.2371
1130711,847 KERNS AVE SW,2025-06-04,292000,193600,228000,282,24018,250006581,0.1971
1650926,3024 BRAMBLETON AVE SW,2025-06-05,210000,179500,212000,350,24153,250004917,0.1388
3222006,1602 EASTERN AVE NE,2025-06-12,187000,175500,182700,71,94127,250005120,0.1697
7360635,4410 OLD VIRGINIA ST NE,2025-06-13,231200,209500,218100,22,24083,250005400,0.4301
2170449,3214 YARDLEY DR NW,2025-07-02,250000,188700,227100,17,24012,250005711,0.1852
4380210,3107 GLENOAK ST SE,2025-07-14,165000,168000,174600,143,24015,250006423,0.1921
4290111,1028 RAY RD SE,2025-07-23,235000,166100,186200,143,24014,250006978,0.1547
4390434,3517 TROXELL RD SE,2025-07-24,500000,180300,201900,143,22031,250006837,0.1682
4390435,3521 TROXELL RD SE,2025-07-24,500000,178900,200300,143,22031,250006837,0.2
1251032,708 WELTON AVE SW,2025-07-25,285000,205900,243700,282,24015,250006897,0.1485
2470615,2746 KIRKLAND DR NW,2025-08-05,230000,154000,180700,510,24017,250007577,0.1728
3121829,2329 SHULL RD NE,2025-09-16,210000,197300,198700,40,24018,250008514,0.5101
7360409,4419 OLD VIRGINIA ST NE,2025-09-25,230000,200000,208100,22,24175,250008921,0.4547
3170250,3417 PRINCETON CIR NE,2025-10-02,111111,192800,209400,14,24019,250009010,0.1528
4380204,3122 GARDEN CITY BLVD SE,2025-10-06,210000,175300,199000,143,24014,250009110,0.1819
4150304,813 PIEDMONT ST SE,2025-11-10,174950,140700,158100,150,24018-3520,250010170,0.1335
3410909,2802 VINYARD AVE NE,2025-11-14,387000,191000,191000,72,24016,250010371,0.3583
3410910,2812 VINYARD AVE NE,2025-11-14,387000,191000,191000,72,24016,250010371,0.3673
2331914,2111 STAUNTON AVE NW,2025-11-19,180000,128200,150300,222,20170,250010721,0.1623
2331915,2105 STAUNTON AVE NW,2025-11-19,180000,118200,139300,222,20170,250010723,0.1589
4340630,1528 RIVERDALE RD SE,2025-11-19,160000,159400,184500,130,24014,250010643,0.1709
2250317,3801 GREENLAND AVE NW,2025-11-26,255000,228000,266200,532,24019,250011400,0.2854
4380108,3121 TRENT RD SE,2025-12-15,430000,193400,199400,143,24014,250011423,0.2581
2101111,3322 CHRISTIAN AVE NW,2025-12-22,200000,192400,214400,16,24018,250011518,0.2763
1130420,1333 MAIN ST SW,2026-01-05,140000,196000,227500,282,24018,260000294,0.1438
4123013,1147 MORTON AVE SE,2026-01-09,122631,138600,157400,120,24016,260000319,0.2037
4041110,633 RIVERLAND RD SE,2026-01-15,425000,192300,216700,150,24018,260000563,0.2238
4041112,701 RIVERLAND RD SE,2026-01-15,450000,192300,216700,150,24018,260000567,0.241
4041113,709 RIVERLAND RD SE,2026-01-15,450000,192300,216700,150,24018,260000567,0.2422
3170356,3619 COOK AVE NE,2026-01-28,279000,215800,224900,14,24012,260001092,0.3001
4140930,722 MORRILL AVE SE,2026-02-11,120000,144600,164400,121,24019,260001511,0.2001
1031017,411 JANETTE AVE SW,2026-02-12,257000,130400,146900,172,85262,260001363,0.0955
1031018,405 JANETTE AVE SW,2026-02-12,257000,130400,146900,172,85262,260001363,0.0963
4390437,1302 HILLVIEW AVE SE,2026-02-12,240000,181500,203300,143,24016,260001746,0.1665
2021708,402 RUTHERFORD AVE NW,2026-02-17,145000,154900,180300,191,24014,260001465,0.0909
3331108,713 BIBB ST NE,2026-02-20,192500,179300,179300,71,24012,260001729,0.172
3331107,707 BIBB ST NE,2026-02-27,195000,179300,179300,71,24018,260001890,0.173
4141821,1025 WOODROW AVE SE,2026-03-17,150000,137000,157000,120,24179,260002736,0.1101
3170244,137 PRINCETON CIR NE,2026-03-26,255000,201600,205000,14,24175,260003002,0.2054
7360421,4524 OHIO ST NE,2026-03-26,265000,196500,204400,22,24121,260003172,0.4547
1260218,1037 PERSINGER RD SW,2026-03-30,385000,255900,296900,343,24015,260002992,0.3291
3331109,717 BIBB ST NE,2026-03-30,155000,196200,204200,71,24066,260003280,0.2067
7360720,4504 PENNSYLVANIA AVE NE,2026-04-01,325000,218000,226800,22,24019,260003078,0.7498
1440501,1718 CHESTERFIELD ST SW,2026-04-13,310000,252400,297000,373,24018,260003515,0.1733
3110508,330 MADDOCK AVE NE,2026-04-23,215000,182800,196800,13,24121,260003998,0.2
4380122,3101 GARDEN CITY BLVD SE,2026-05-15,150000,149800,166900,143,24013,260005096,0.1901
1340205,1811 WINDSOR AVE SW,2026-06-01,300000,243500,285800,362,24015,260005623,0.3046
3331106,703 BIBB ST NE,2026-06-15,350000,31500,262700,71,24014,260006262,0.1732
4360508,1346 GILLETTE AVE SE,2026-06-16,400000,152800,170300,143,24153,260005779,0.1727
4360509,1354 GILLETTE AVE SE,2026-06-16,400000,152800,170300,143,24153,260005779,0.171
4360510,1366 GILLETTE AVE SE,2026-06-16,400000,152800,170300,143,24153,260005779,0.1747
4360522,1360 GILLETTE AVE SE,2026-06-16,400000,152800,170300,143,24153,260005779,0.1748
1322210,1905 OXFORD AVE SW,2026-06-18,298450,203600,226100,361,24015,260005986,0.1578
3222008,1608 EASTERN AVE NE,2026-06-24,185000,175500,182700,71,24066,260006055,0.1697
3222016,1634 EASTERN AVE NE,2026-06-24,185000,175500,182700,71,24066,260006058,0.1697
3090606,124 AVENDALE AVE NE,2026-06-25,385000,195600,214700,13,24175,260006091,0.1654
3090608,132 AVENDALE AVE NE,2026-06-25,385000,197700,214700,13,24175,260006091,0.1664
2210208,408 17TH ST NW,2026-06-26,120000,111300,132500,230,24017,260006160,0.1535
3222010,1614 EASTERN AVE NE,2026-07-08,190000,141600,147100,71,24066,260006553,0.1697
3222015,1630 EASTERN AVE NE,2026-07-08,175000,175500,182700,71,24066,260006556,0.1697
2540608,1012 PALMETTO ST NW,2026-07-15,225000,160000,180800,464,24012,260007287,0.2384
4150803,411 ARBOR AVE SE,2026-07-23,370000,151100,177900,150,24179,260007178,0.2568
4300604,3725 MELCHER ST SE,2026-07-23,370000,148200,165000,143,24179,260007178,0.2328
4390113,3425 GARDEN CITY BLVD SE,2026-07-23,370000,175200,198900,143,24179,260007178,0.1988
1232018,1237 FLOYD AVE SW,2026-07-27,198300,198300,229400,282,24013,260007258,0.1376
1340913,1621 BRANDON AVE SW,2026-07-31,299000,199800,236300,362,23456,260007557,0.2365
4390115,3433 GARDEN CITY BLVD SE,2026-08-13,240000,178200,199500,143,24019,260007936,0.2108
2560140,3340 HERSHBERGER RD NW,2026-08-19,205000,153500,180100,463,24017,260008203,0.2793
4300918,3573 YELLOW MOUNTAIN RD SE,2026-08-19,118000,174700,199700,143,24014,260008959,0.2073
2090420,3102 ANGELL AVE NW,2026-09-01,252500,203800,227900,16,24019,260008917,0.2498
