id,address,image,file14_address,file14_crime,status
v01,"426 Washington Ave, Huntington, WV 25701",maps/robbery/25701.png,"426 Washington Ave, Huntington, WV 25701",D+,ACTIVE (for sale)
v02,"806 Lynn St, Parkersburg, WV 26101",maps/robbery/26101.png,"806 Lynn St, Parkersburg, WV 26101",C-,ACTIVE (for sale)
v03,"750 Quincy St, Parkersburg, WV 26101",maps/robbery/26101.png,"750 Quincy St, Parkersburg, WV 26101",C-,ACTIVE (for sale)
v04,"1300 Latrobe St, Parkersburg, WV 26101",maps/robbery/26101.png,"1300 Latrobe St, Parkersburg, WV 26101",C-,ACTIVE (for sale)
v05,"1611 Floyd St, Lynchburg, VA 24501",maps/robbery/24501.png,"1611 Floyd St, Lynchburg, VA 24501",D,ACTIVE (for sale)
v06,"1114 Lafayette Blvd NW, Roanoke, VA 24017",maps/robbery/24017.png,"1114 Lafayette Blvd NW, Roanoke, VA 24017",F,ACTIVE (for sale)
v07,"223 Spruce St, Suffolk, VA 23434",maps/robbery/23434.png,"223 Spruce St, Suffolk, VA 23434",D+,ACTIVE (for sale)
v08,"3704 Mariner Ave, Portsmouth, VA 23703",maps/robbery/23703.png,"3704 Mariner Ave, Portsmouth, VA 23703",C,ACTIVE (for sale)
v09,"556 Bellwood Rd, Newport News, VA 23607",maps/robbery/23607.png,"556 Bellwood Rd Unit A, Newport News, VA 23607",F,ACTIVE (for sale)
v10,"163 Choate St, Portsmouth, VA 23707",maps/robbery/23707.png,"163 Choate St, Portsmouth, VA 23707",F,ACTIVE (for sale)
v11,"1934 Oakland St, Petersburg, VA 23805",maps/robbery/23805.png,"1934 Oakland St, Petersburg, VA 23805",D,ACTIVE (for sale)
v12,"4102 Richland Ave NW, Roanoke, VA 24012",maps/robbery/24012.png,"4102 Richland Ave NW, Roanoke, VA 24012",F,ACTIVE (for sale)
v13,"104 Day St, Suffolk, VA 23434",maps/robbery/23434.png,"104 Day Street St, Suffolk, VA 23434",D+,ACTIVE (for sale)
v14,"207 Tunstall Ave, Blackstone, VA 23824",maps/robbery/23824.png,"207 Tunstall Ave, Blackstone, VA 23824",D-,ACTIVE (for sale)
v15,"515 Albemarle Ave SE, Roanoke, VA 24013",maps/robbery/24013.png,"515 Albemarle Ave SE, Roanoke, VA 24013",F,ACTIVE (for sale)
v16,"4 12 1/2 St SW, Roanoke, VA 24016",maps/robbery/24016.png,"4 12 1/2 St SW, Roanoke, VA 24016",F,ACTIVE (for sale)
v17,"407 Industrial Ave, Danville, VA 24541",maps/robbery/24541.png,"407 Industrial Ave, Danville, VA 24541",D,ACTIVE (for sale)
v18,"215 Saint Andrew St, Petersburg, VA 23803",maps/robbery/23803.png,"215 Saint Andrew St, Petersburg, VA 23803",D-,ACTIVE (for sale)
v19,"126 Troy Ave NE, Roanoke, VA 24012",maps/robbery/24012.png,"126 & 128 Troy Ave NE, Roanoke, VA 24012",F,ACTIVE (for sale)
v20,"7 Barney Pl, Portsmouth, VA 23702",maps/robbery/23702.png,"7 Barney Pl, Portsmouth, VA 23702",F,ACTIVE (for sale)
v21,"2326 Elm Ave, Portsmouth, VA 23704",maps/robbery/23704.png,"2326 Elm Ave, Portsmouth, VA 23704",F,ACTIVE (for sale)
v22,"749 Mt Airy St, Petersburg, VA 23803",maps/robbery/23803.png,"749 Mt Airy St, Petersburg, VA 23803",D-,ACTIVE (for sale)
v23,"301 S High St, Franklin, VA 23851",maps/robbery/23851.png,"301 S High St, Franklin, VA 23851",D,ACTIVE (for sale)
v24,"28 Hillcrest Ave NE, Roanoke, VA 24012",maps/robbery/24012.png,"28-30 Hillcrest Ave NE, Roanoke, VA 24012",F,ACTIVE (for sale)
v25,"1121 35th St, Newport News, VA 23607",maps/robbery/23607.png,"1121 35th St, Newport News, VA 23607",F,ACTIVE (for sale)
v26,"1021 Penmar Ave SE, Roanoke, VA 24013",maps/robbery/24013.png,"1021 Penmar Ave SE, Roanoke, VA 24013",F,ACTIVE (for sale)
v27,"716 31st St, Newport News, VA 23607",maps/robbery/23607.png,"716 31st St, Newport News, VA 23607",F,ACTIVE (for sale)
v28,"27 Carver Cir, Portsmouth, VA 23701",maps/robbery/23701.png,"27 Carver Cir, Portsmouth, VA 23701",D-,CONTINGENT (2026-09-28)
v29,"132 Kemper Rd, Danville, VA 24541",maps/robbery/24541.png,"132 Kemper Rd Unit A & B, Danville, VA 24541",D,OFF MARKET (2026-09-28)
v30,"117 Motley Ave, Danville, VA 24540",maps/robbery/24540.png,"117 Motley Ave, Danville, VA 24540",D+,OFF MARKET (2026-09-28)
v31,"224 S Jefferson St, Petersburg, VA 23803",maps/robbery/23803.png,"224 S Jefferson St, Petersburg, VA 23803",D-,"PENDING (Sep 10, 2026)"
v32,"739 S Rosemont Rd, Virginia Beach, VA 23452",maps/robbery/23452.png,"739 S Rosemont Rd, Virginia Beach, VA 23452",C,CONTINGENT (2026-09-28)
v33,"306 Troy Ave NE, Roanoke, VA 24012",maps/robbery/24012.png,"306 & 308 Troy Ave NE, Roanoke, VA 24012",F,PENDING (2026-09-21)
