id,address,image
1,"10001 Sophia Ave, Cleveland, OH 44104",maps/44104.png
2,"9816 Manor Ave, Cleveland, OH 44104",maps/44104.png
3,"73 Pointview Ave, Dayton, OH 45405",maps/45405.png
4,"840 Work Dr, Akron, OH 44320",maps/44320.png
5,"206 Ingram Ave SW, Canton, OH 44710",maps/44710.png
6,"4697 E 85th St, Garfield Heights, OH 44125",maps/44125.png
7,"1433 Kenmore Blvd, Akron, OH 44314",maps/44314.png
8,"3446 E 125th St, Cleveland, OH 44120",maps/44120.png
9,"14002 Idarose Ave, Cleveland, OH 44110",maps/44110.png
10,"16523 Kipling Ave, Cleveland, OH 44110",maps/44110.png
11,"3601 Memphis Ave, Cleveland, OH 44109",maps/44109.png
12,"11910 Chesterfield Ave, Cleveland, OH 44108",maps/44108.png
13,"2326 E 95th St, Cleveland, OH 44106",maps/44106.png
14,"12500 Ferris Ave, Cleveland, OH 44105",maps/44105.png
15,"12501 Dove Ave, Cleveland, OH 44105",maps/44105.png
16,"13305 Ferris Ave, Cleveland, OH 44105",maps/44105.png
17,"9110 Jeffries Ave, Cleveland, OH 44105",maps/44105.png
18,"1247 E 84th St, Cleveland, OH 44103",maps/44103.png
19,"3248 W 90th St, Cleveland, OH 44102",maps/44102.png
20,"321 Slack St, Steubenville, OH 43952",maps/43952.png
21,"312 N 7th St, Martins Ferry, OH 43935",maps/43935.png
22,"654 W Sylvania Ave, Toledo, OH 43612",maps/43612.png
23,"1115 Lincoln Ave, Toledo, OH 43607",maps/43607.png
24,"1992 Starr Ave, Toledo, OH 43605",maps/43605.png
25,"1996 Starr Ave, Toledo, OH 43605",maps/43605.png
