id,address,source,zip_page,view,type,image,zoom,fit_score,block_group,grade,position,position_iqr,at_address_position,pixels,edge_distance_m,neighbours,bg_inside,note
g10,"245 N Ruby St, Philadelphia, PA 19139",photo list,19104,9,Assault,maps/types_batch1126/19104_assault.png,13.84,0.466,421010093005,F,0.935,0.935-0.935,0.935,668,59,421010094002 F at 59 m,1.0,
g11,"4902 Kershaw St, Philadelphia, PA 19131",photo list,19104,9,Assault,maps/types_batch1126/19104_assault.png,13.84,0.466,421010111003,F,0.961,0.961-0.961,0.961,1395,68,,0.96,
g10,"245 N Ruby St, Philadelphia, PA 19139",photo list,19104,9,Drug-Related Crime,maps/types_batch1126/19104_drug.png,13.84,0.466,421010093005,F,0.961,0.961-0.961,0.961,662,59,421010094002 F at 59 m,1.0,
g11,"4902 Kershaw St, Philadelphia, PA 19131",photo list,19104,9,Drug-Related Crime,maps/types_batch1126/19104_drug.png,13.84,0.466,421010111003,F,0.991,0.991-0.991,0.991,1394,68,,0.96,
g10,"245 N Ruby St, Philadelphia, PA 19139",photo list,19104,9,Vandalism,maps/types_batch1126/19104_vandalism.png,13.84,0.466,421010093005,F,0.934,0.934-0.934,0.934,671,59,421010094002 F at 59 m,1.0,
g11,"4902 Kershaw St, Philadelphia, PA 19131",photo list,19104,9,Vandalism,maps/types_batch1126/19104_vandalism.png,13.84,0.466,421010111003,F,0.991,0.991-0.991,0.991,1395,68,,0.96,
g10,"245 N Ruby St, Philadelphia, PA 19139",photo list,19104,9,Murder,maps/types_batch1126/19104_murder.png,13.84,0.466,421010093005,F,0.983,0.983-0.983,0.983,664,59,421010094002 F at 59 m,1.0,
g11,"4902 Kershaw St, Philadelphia, PA 19131",photo list,19104,9,Murder,maps/types_batch1126/19104_murder.png,13.84,0.466,421010111003,F,0.991,0.991-0.991,0.991,1393,68,,0.96,
g10,"245 N Ruby St, Philadelphia, PA 19139",photo list,19104,9,Robbery,maps/types_batch1126/19104_robbery.png,13.84,0.466,421010093005,D-,0.895,0.895-0.895,0.895,668,59,421010094002 F at 59 m,1.0,
g11,"4902 Kershaw St, Philadelphia, PA 19131",photo list,19104,9,Robbery,maps/types_batch1126/19104_robbery.png,13.84,0.466,421010111003,F,0.985,0.985-0.985,0.985,1393,68,,0.96,
g10,"245 N Ruby St, Philadelphia, PA 19139",photo list,19104,10,Burglary,maps/types_batch1126/19104_burglary.png,13.84,0.458,421010093005,D-,0.889,0.889-0.889,0.889,661,59,421010094002 D at 59 m,1.0,
g11,"4902 Kershaw St, Philadelphia, PA 19131",photo list,19104,10,Burglary,maps/types_batch1126/19104_burglary.png,13.84,0.458,421010111003,F,0.991,0.991-0.991,0.991,1398,68,,0.96,
g10,"245 N Ruby St, Philadelphia, PA 19139",photo list,19151,18,Robbery,maps/types_batch1126/19151_robbery.png,13.735,0.483,421010093005,D-,0.895,0.895-0.895,0.895,553,59,421010094002 F at 59 m,1.0,
g11,"4902 Kershaw St, Philadelphia, PA 19131",photo list,19151,18,Robbery,maps/types_batch1126/19151_robbery.png,13.735,0.483,421010111003,F,0.985,0.985-0.985,0.985,1173,68,,1.0,
g10,"245 N Ruby St, Philadelphia, PA 19139",photo list,19151,18,Assault,maps/types_batch1126/19151_assault.png,13.735,0.483,421010093005,F,0.935,0.935-0.935,0.935,554,59,421010094002 F at 59 m,1.0,
g11,"4902 Kershaw St, Philadelphia, PA 19131",photo list,19151,18,Assault,maps/types_batch1126/19151_assault.png,13.735,0.483,421010111003,F,0.961,0.961-0.961,0.961,1174,68,,1.0,
g10,"245 N Ruby St, Philadelphia, PA 19139",photo list,19151,18,Drug-Related Crime,maps/types_batch1126/19151_drug.png,13.735,0.483,421010093005,F,0.961,0.961-0.961,0.961,551,59,421010094002 F at 59 m,1.0,
g11,"4902 Kershaw St, Philadelphia, PA 19131",photo list,19151,18,Drug-Related Crime,maps/types_batch1126/19151_drug.png,13.735,0.483,421010111003,F,0.991,0.991-0.991,0.991,1173,68,,1.0,
g10,"245 N Ruby St, Philadelphia, PA 19139",photo list,19151,18,Vandalism,maps/types_batch1126/19151_vandalism.png,13.735,0.483,421010093005,F,0.934,0.934-0.934,0.934,555,59,421010094002 F at 59 m,1.0,
g11,"4902 Kershaw St, Philadelphia, PA 19131",photo list,19151,18,Vandalism,maps/types_batch1126/19151_vandalism.png,13.735,0.483,421010111003,F,0.991,0.991-0.991,0.991,1174,68,,1.0,
g10,"245 N Ruby St, Philadelphia, PA 19139",photo list,19151,19,Murder,maps/types_batch1126/19151_murder.png,13.735,0.477,421010093005,F,0.983,0.983-0.983,0.983,552,59,421010094002 F at 59 m,1.0,
g11,"4902 Kershaw St, Philadelphia, PA 19131",photo list,19151,19,Murder,maps/types_batch1126/19151_murder.png,13.735,0.477,421010111003,F,0.991,0.991-0.991,0.991,1174,68,,1.0,
g10,"245 N Ruby St, Philadelphia, PA 19139",photo list,19151,19,Burglary,maps/types_batch1126/19151_burglary.png,13.735,0.477,421010093005,D-,0.889,0.889-0.889,0.889,550,59,421010094002 D at 59 m,1.0,
g11,"4902 Kershaw St, Philadelphia, PA 19131",photo list,19151,19,Burglary,maps/types_batch1126/19151_burglary.png,13.735,0.477,421010111003,F,0.991,0.991-0.991,0.991,1175,68,,1.0,
g10,"245 N Ruby St, Philadelphia, PA 19139",photo list,19082,55,Assault,maps/types_batch1126/19082_assault.png,13.735,0.479,421010093005,F,0.935,0.935-0.935,0.935,579,59,421010094002 F at 59 m,1.0,
g10,"245 N Ruby St, Philadelphia, PA 19139",photo list,19082,55,Drug-Related Crime,maps/types_batch1126/19082_drug.png,13.735,0.479,421010093005,F,0.961,0.961-0.961,0.961,569,59,421010094002 F at 59 m,1.0,
g10,"245 N Ruby St, Philadelphia, PA 19139",photo list,19082,55,Vandalism,maps/types_batch1126/19082_vandalism.png,13.735,0.479,421010093005,F,0.934,0.934-0.934,0.934,582,59,421010094002 F at 59 m,1.0,
g10,"245 N Ruby St, Philadelphia, PA 19139",photo list,19082,55,Murder,maps/types_batch1126/19082_murder.png,13.735,0.479,421010093005,F,0.983,0.983-0.983,0.983,570,59,421010094002 F at 59 m,1.0,
g10,"245 N Ruby St, Philadelphia, PA 19139",photo list,19082,55,Burglary,maps/types_batch1126/19082_burglary.png,13.735,0.479,421010093005,D-,0.889,0.889-0.889,0.889,567,59,421010094002 D at 59 m,1.0,
g12,"3601 Memphis Ave, Cleveland, OH 44109",photo list,44144,61,Robbery,maps/types_batch1126/44144_robbery.png,13.235,0.504,390351974002,F,0.954,0.954-0.954,0.954,4114,78,,1.0,
g12,"3601 Memphis Ave, Cleveland, OH 44109",photo list,44144,61,Drug-Related Crime,maps/types_batch1126/44144_drug.png,13.235,0.504,390351974002,D,0.844,0.844-0.844,0.844,4130,78,,1.0,on the D/D- line
g12,"3601 Memphis Ave, Cleveland, OH 44109",photo list,44144,61,Vandalism,maps/types_batch1126/44144_vandalism.png,13.235,0.504,390351974002,D,0.799,0.799-0.799,0.799,4116,78,,1.0,
g12,"3601 Memphis Ave, Cleveland, OH 44109",photo list,44144,61,Murder,maps/types_batch1126/44144_murder.png,13.235,0.504,390351974002,D,0.799,0.799-0.799,0.799,4116,78,,1.0,
g12,"3601 Memphis Ave, Cleveland, OH 44109",photo list,44144,61,Burglary,maps/types_batch1126/44144_burglary.png,13.235,0.504,390351974002,F,0.934,0.934-0.934,0.934,4134,78,,1.0,
g12,"3601 Memphis Ave, Cleveland, OH 44109",photo list,44144,61,Assault,maps/types_batch1126/44144_assault.png,13.235,0.504,390351974002,D+,0.756,0.756-0.756,0.756,4107,78,,1.0,
g10,"245 N Ruby St, Philadelphia, PA 19139",photo list,19082,91,Robbery,maps/types_batch1126/19082_robbery.png,13.735,0.479,421010093005,D-,0.895,0.895-0.895,0.895,580,59,421010094002 F at 59 m,1.0,
