id,address,matched_address,lat,lon,block_group,image,zoom,fit_score,grade,position,position_iqr,at_address_position,label_anchored_grade,edge_distance_m,neighbours_within_60m,side_check,note
1,"10001 Sophia Ave, Cleveland, OH 44104","10001 SOPHIA AVE, CLEVELAND, OH, 44104",41.478961,-81.616002,390351202001,maps/robbery/44104.png,13.96,0.691,F,0.992,0.992-0.992,0.992,F,101,,,
2,"9816 Manor Ave, Cleveland, OH 44104","9816 MANOR AVE, CLEVELAND, OH, 44104",41.475128,-81.616665,390351202003,maps/robbery/44104.png,13.96,0.691,F,0.954,0.954-0.954,0.954,F,6,390351202002 F at 6 m,,
3,"73 Pointview Ave, Dayton, OH 45405","73 POINTVIEW AVE, DAYTON, OH, 45405",39.793004,-84.212809,391130011003,maps/robbery/45405.png,13.96,0.713,D,0.799,0.799-0.799,0.799,D,96,,,
3b,"73 Pointview Ave, Dayton, OH 45405","73 POINTVIEW AVE, DAYTON, OH, 45405",39.793004,-84.212809,391130011003,maps/robbery/45405_b.png,13.96,0.658,D,0.799,0.799-0.799,0.799,D,96,,,
4,"840 Work Dr, Akron, OH 44320","840 WORK DR, AKRON, OH, 44320",41.089951,-81.54662,391535065001,maps/robbery/44320.png,13.96,0.758,F,0.961,0.961-0.961,0.961,F,83,,,
5,"206 Ingram Ave SW, Canton, OH 44710","206 INGRAM AVE SW, CANTON, OH, 44710",40.797567,-81.408098,391517013001,maps/robbery/44710.png,14.46,0.692,D,0.846,0.846-0.846,0.846,D-,104,,,on the D/D- line; label-anchored reading gives D-
6,"4697 E 85th St, Garfield Heights, OH 44125","4697 E 85TH ST, GARFIELD HEIGHTS, OH, 44125",41.431651,-81.625745,390351541002,maps/robbery/44125.png,14.06,0.766,D+,0.711,0.711-0.711,0.711,D,6,390351541001 D at 6 m,OpenStreetMap house point confirms the side,block group across the street is D; label-anchored reading gives D
7,"1433 Kenmore Blvd, Akron, OH 44314","1433 KENMORE BLVD, AKRON, OH, 44314",41.037637,-81.572185,391535057004,maps/robbery/44314.png,14.46,0.697,D-,0.895,0.895-0.895,0.895,D-,90,,,
8,"3446 E 125th St, Cleveland, OH 44120","3446 E 125TH ST, CLEVELAND, OH, 44120",41.465207,-81.59572,390351207012,maps/robbery/44120.png,13.96,0.657,F,0.983,0.983-0.983,0.983,F,143,,,
9,"14002 Idarose Ave, Cleveland, OH 44110","14002 IDAROSE AVE, CLEVELAND, OH, 44110",41.547333,-81.584982,390351169001,maps/robbery/44110.png,14.46,0.716,F,0.954,0.954-0.954,0.954,F,157,,,
10,"16523 Kipling Ave, Cleveland, OH 44110","16523 KIPLING AVE, CLEVELAND, OH, 44110",41.558128,-81.564371,390351175002,maps/robbery/44110.png,14.46,0.716,F,0.934,0.934-0.934,0.934,F,32,390351175001 F at 32 m,,
11,"3601 Memphis Ave, Cleveland, OH 44109","3601 MEMPHIS AVE, CLEVELAND, OH, 44109",41.440141,-81.708093,390351974002,maps/robbery/44109.png,13.96,0.706,F,0.954,0.954-0.954,0.954,F,78,,,
12,"11910 Chesterfield Ave, Cleveland, OH 44108","11910 CHESTERFIELD AVE, CLEVELAND, OH, 44108",41.527255,-81.603339,390351991003,maps/robbery/44108.png,13.31,0.514,F,0.985,0.985-0.985,0.985,F,112,,,
13,"2326 E 95th St, Cleveland, OH 44106","2326 E 95TH ST, CLEVELAND, OH, 44106",41.495645,-81.62077,390351985002,maps/robbery/44106.png,14.46,0.618,F,0.985,0.985-0.985,0.985,F,76,,,
14,"12500 Ferris Ave, Cleveland, OH 44105","12500 FERRIS AVE, CLEVELAND, OH, 44105",41.448005,-81.595575,390351214012,maps/robbery/44105.png,13.71,0.674,F,0.934,0.934-0.934,0.934,F,176,,,
15,"12501 Dove Ave, Cleveland, OH 44105","12501 DOVE AVE, CLEVELAND, OH, 44105",41.452398,-81.595468,390351211001,maps/robbery/44105.png,13.71,0.674,F,0.934,0.934-0.934,0.934,F,6,390351211002 D- at 6 m,OpenStreetMap house point confirms the side,block group across the street is D-
16,"13305 Ferris Ave, Cleveland, OH 44105","13305 FERRIS AVE, CLEVELAND, OH, 44105",41.44819,-81.58963,390351214011,maps/robbery/44105.png,13.71,0.674,F,0.991,0.991-0.991,0.991,F,93,,,
17,"9110 Jeffries Ave, Cleveland, OH 44105","9110 JEFFRIES AVE, CLEVELAND, OH, 44105",41.437828,-81.622283,390351159002,maps/robbery/44105.png,13.71,0.674,F,0.935,0.935-0.935,0.935,F,85,,,
18,"1247 E 84th St, Cleveland, OH 44103","1247 E 84TH ST, CLEVELAND, OH, 44103",41.521155,-81.629126,390351990002,maps/robbery/44103.png,14.56,0.674,F,0.991,0.991-0.991,0.991,F,90,,,
19,"3248 W 90th St, Cleveland, OH 44102","3248 W 90TH ST, CLEVELAND, OH, 44102",41.465323,-81.745873,390351024021,maps/robbery/44102.png,13.96,0.748,D-,0.895,0.895-0.895,0.895,D-,6,390351024022 F at 6 m,OpenStreetMap house point confirms the side,block group across the street is F
20,"321 Slack St, Steubenville, OH 43952","321 SLACK ST, STEUBENVILLE, OH, 43952",40.355141,-80.617043,390810124001,maps/robbery/43952.png,13.71,0.772,F,0.934,0.934-0.934,0.934,F,155,,,
21,"312 N 7th St, Martins Ferry, OH 43935","312 N 7TH ST, MARTINS FERRY, OH, 43935",40.100457,-80.722649,390130120002,maps/robbery/43935.png,13.96,0.734,B+,0.267,0.267-0.267,0.267,B,77,,,label-anchored reading gives B
22,"654 W Sylvania Ave, Toledo, OH 43612","654 W SYLVANIA AVE, TOLEDO, OH, 43612",41.692824,-83.559559,390950004002,maps/robbery/43612.png,13.96,0.728,D-,0.858,0.858-0.858,0.858,D-,6,390950004001 F at 6 m,OpenStreetMap house point confirms the side,block group across the street is F
23,"1115 Lincoln Ave, Toledo, OH 43607","1115 LINCOLN AVE, TOLEDO, OH, 43607",41.657327,-83.570105,390950025002,maps/robbery/43607.png,13.96,0.743,F,0.954,0.954-0.954,0.954,F,40,390950026001 F at 40 m,,
24,"1992 Starr Ave, Toledo, OH 43605","1992 STARR AVE, TOLEDO, OH, 43605",41.643627,-83.503029,390950050002,maps/robbery/43605.png,13.96,0.763,F,0.934,0.934-0.934,0.934,F,6,390950047023 F at 6 m; 390950050001 D at 15 m,OpenStreetMap house point confirms the side,block group across the street is D
25,"1996 Starr Ave, Toledo, OH 43605","1996 STARR AVE, TOLEDO, OH, 43605",41.643629,-83.502963,390950050002,maps/robbery/43605.png,13.96,0.763,F,0.934,0.934-0.934,0.934,F,6,390950047023 F at 6 m; 390950050001 D at 9 m,OpenStreetMap house point confirms the side,block group across the street is D
