id,file14_address,file14_crime,status,address,matched_address,lat,lon,block_group,image,zoom,fit_score,grade,position,position_iqr,at_address_position,label_anchored_grade,edge_distance_m,neighbours_within_60m,side_check,note
v01,"426 Washington Ave, Huntington, WV 25701",D+,ACTIVE (for sale),"426 Washington Ave, Huntington, WV 25701","426 WASHINGTON AVE, HUNTINGTON, WV, 25701",38.417439,-82.461898,540110009002,maps/robbery/25701.png,13.46,0.775,D-,0.866,0.866-0.866,0.866,D-,318,,,
v02,"806 Lynn St, Parkersburg, WV 26101",C-,ACTIVE (for sale),"806 Lynn St, Parkersburg, WV 26101","806 LYNN ST, PARKERSBURG, WV, 26101",39.264087,-81.549953,541070007013,maps/robbery/26101.png,13.71,0.779,C+,0.52,0.52-0.52,0.52,C,32,541070007011 F at 32 m,,label-anchored reading gives C
v03,"750 Quincy St, Parkersburg, WV 26101",C-,ACTIVE (for sale),"750 Quincy St, Parkersburg, WV 26101","750 QUINCY ST, PARKERSBURG, WV, 26101",39.26482,-81.554546,541070110002,maps/robbery/26101.png,13.71,0.779,F,0.991,0.991-0.991,0.991,F,6,541070007012 B- at 6 m,OpenStreetMap house point confirms the side,block group across the street is B-
v04,"1300 Latrobe St, Parkersburg, WV 26101",C-,ACTIVE (for sale),"1300 Latrobe St, Parkersburg, WV 26101","1300 LATROBE ST, PARKERSBURG, WV, 26101",39.269427,-81.545525,541070005004,maps/robbery/26101.png,13.71,0.779,B+,0.278,0.278-0.278,0.278,B,7,541070007013 C+ at 7 m,OpenStreetMap house point confirms the side,block group across the street is C+; label-anchored reading gives B
v05,"1611 Floyd St, Lynchburg, VA 24501",D,ACTIVE (for sale),"1611 Floyd St, Lynchburg, VA 24501","1611 FLOYD ST, LYNCHBURG, VA, 24501",37.402855,-79.148114,516800011001,maps/robbery/24501.png,13.46,0.725,F,0.934,0.934-0.934,0.934,F,333,,,
v06,"1114 Lafayette Blvd NW, Roanoke, VA 24017",F,ACTIVE (for sale),"1114 Lafayette Blvd NW, Roanoke, VA 24017","1114 LAFAYETTE BLVD NW, ROANOKE, VA, 24017",37.290846,-79.976041,517700001001,maps/robbery/24017.png,13.96,0.682,C,0.597,0.597-0.597,0.597,C-,6,517700024003 D+ at 6 m,OpenStreetMap house point confirms the side,block group across the street is D+; label-anchored reading gives C-
v07,"223 Spruce St, Suffolk, VA 23434",D+,ACTIVE (for sale),"223 Spruce St, Suffolk, VA 23434","223 SPRUCE ST, SUFFOLK, VA, 23434",36.723913,-76.579316,518000654013,maps/robbery/23434.png,13.07,0.58,F,0.955,0.954-0.961,0.954,F,232,,,
v08,"3704 Mariner Ave, Portsmouth, VA 23703",C,ACTIVE (for sale),"3704 Mariner Ave, Portsmouth, VA 23703","3704 MARINER AVE, PORTSMOUTH, VA, 23703",36.864617,-76.348442,517402130015,maps/robbery/23703.png,14.06,0.755,D,0.774,0.774-0.774,0.774,D,326,,,
v09,"556 Bellwood Rd Unit A, Newport News, VA 23607",F,ACTIVE (for sale),"556 Bellwood Rd, Newport News, VA 23607","556 BELLWOOD RD, NEWPORT NEWS, VA, 23601",37.031835,-76.453656,,maps/robbery/23607.png,13.71,0.793,,,,,,,,,the address falls outside the image; take a screenshot panned about 1 km north
v10,"163 Choate St, Portsmouth, VA 23707",F,ACTIVE (for sale),"163 Choate St, Portsmouth, VA 23707","163 CHOATE ST, PORTSMOUTH, VA, 23707",36.818307,-76.345834,517402117003,maps/robbery/23707.png,13.96,0.734,D,0.794,0.794-0.794,0.794,D,72,,,
v11,"1934 Oakland St, Petersburg, VA 23805",D,ACTIVE (for sale),"1934 Oakland St, Petersburg, VA 23805","1934 OAKLAND ST, PETERSBURG, VA, 23805",37.204361,-77.383191,517308109001,maps/robbery/23805.png,13.56,0.687,C,0.543,0.543-0.543,0.543,C-,80,,,on the C+/C line; label-anchored reading gives C-
v12,"4102 Richland Ave NW, Roanoke, VA 24012",F,ACTIVE (for sale),"4102 Richland Ave NW, Roanoke, VA 24012","4102 RICHLAND AVE NW, ROANOKE, VA, 24012",37.308607,-79.951866,517700003002,maps/robbery/24012.png,13.46,0.667,B+,0.237,0.237-0.237,0.237,B,212,,,label-anchored reading gives B
v13,"104 Day Street St, Suffolk, VA 23434",D+,ACTIVE (for sale),"104 Day St, Suffolk, VA 23434","104 DAY ST, SUFFOLK, VA, 23434",36.734176,-76.585118,518000652002,maps/robbery/23434.png,13.07,0.58,B-,0.445,0.445-0.449,0.467,C+,72,,,label-anchored reading gives C+
v14,"207 Tunstall Ave, Blackstone, VA 23824",D-,ACTIVE (for sale),"207 Tunstall Ave, Blackstone, VA 23824","207 TUNSTALL AVE, BLACKSTONE, VA, 23824",37.079962,-78.002208,511350001022,maps/robbery/23824.png,12.97,0.463,D+,0.711,0.711-0.711,0.727,D,365,,,label-anchored reading gives D
v15,"515 Albemarle Ave SE, Roanoke, VA 24013",F,ACTIVE (for sale),"515 Albemarle Ave SE, Roanoke, VA 24013","515 ALBEMARLE AVE, ROANOKE, VA, 24013",37.262919,-79.934594,517700027002,maps/robbery/24013.png,14.46,0.621,C-,0.661,0.661-0.661,0.661,D+,6,517700027001 C at 6 m,no OpenStreetMap house point,block group across the street is C; label-anchored reading gives D+
v16,"4 12 1/2 St SW, Roanoke, VA 24016",F,ACTIVE (for sale),"4 12 1/2 St SW, Roanoke, VA 24016","4 12 1/2 ST SW, ROANOKE, VA, 24016",37.27605,-79.961554,517700010002,maps/robbery/24016.png,13.96,0.667,D-,0.866,0.866-0.866,0.866,D-,103,,,
v17,"407 Industrial Ave, Danville, VA 24541",D,ACTIVE (for sale),"407 Industrial Ave, Danville, VA 24541","407 INDUSTRIAL AVE, DANVILLE, VA, 24541",36.578036,-79.383014,515900005002,maps/robbery/24541.png,13.21,0.6,C,0.598,0.598-0.598,0.598,C-,320,,,label-anchored reading gives C-
v18,"215 Saint Andrew St, Petersburg, VA 23803",D-,ACTIVE (for sale),"215 Saint Andrew St, Petersburg, VA 23803","215 SAINT ANDREW ST, PETERSBURG, VA, 23803",37.223746,-77.39779,517308113002,maps/robbery/23803.png,13.46,0.698,D,0.844,0.844-0.844,0.844,D-,137,,,on the D/D- line; label-anchored reading gives D-
v19,"126 & 128 Troy Ave NE, Roanoke, VA 24012",F,ACTIVE (for sale),"126 Troy Ave NE, Roanoke, VA 24012","126 TROY AVE NE, ROANOKE, VA, 24012",37.311341,-79.940739,517700004001,maps/robbery/24012.png,13.46,0.667,C-,0.661,0.661-0.661,0.661,D+,113,,,label-anchored reading gives D+
v20,"7 Barney Pl, Portsmouth, VA 23702",F,ACTIVE (for sale),"7 Barney Pl, Portsmouth, VA 23702","7 BARNEY PL, PORTSMOUTH, VA, 23702",36.802434,-76.322599,517402123004,maps/robbery/23702.png,14.46,0.721,D-,0.866,0.866-0.866,0.866,D-,14,517402124002 F at 14 m,OpenStreetMap house point confirms the side,block group across the street is F
v21,"2326 Elm Ave, Portsmouth, VA 23704",F,ACTIVE (for sale),"2326 Elm Ave, Portsmouth, VA 23704","2326 ELM AVE, PORTSMOUTH, VA, 23704",36.821269,-76.312359,517402119001,maps/robbery/23704.png,14.56,0.713,F,0.954,0.954-0.954,0.954,F,11,517402118003 F at 24 m; 517402120002 F at 11 m,,
v22,"749 Mt Airy St, Petersburg, VA 23803",D-,ACTIVE (for sale),"749 Mt Airy St, Petersburg, VA 23803","749 MOUNT AIRY ST, PETERSBURG, VA, 23803",37.215538,-77.412785,517308106001,maps/robbery/23803.png,13.46,0.698,D-,0.889,0.889-0.889,0.889,D-,246,,,
v23,"301 S High St, Franklin, VA 23851",D,ACTIVE (for sale),"301 S High St, Franklin, VA 23851","301 S HIGH ST, FRANKLIN, VA, 23851",36.673916,-76.922792,516200902001,maps/robbery/23851.png,13.56,0.685,F,0.934,0.934-0.934,0.934,F,103,,,
v24,"28-30 Hillcrest Ave NE, Roanoke, VA 24012",F,ACTIVE (for sale),"28 Hillcrest Ave NE, Roanoke, VA 24012","28 HILLCREST AVE NE, ROANOKE, VA, 24012",37.293171,-79.937532,517700005001,maps/robbery/24012.png,13.46,0.667,D+,0.711,0.711-0.711,0.711,D,170,,,label-anchored reading gives D
v25,"1121 35th St, Newport News, VA 23607",F,ACTIVE (for sale),"1121 35th St, Newport News, VA 23607","1121 35TH ST, NEWPORT NEWS, VA, 23607",36.992896,-76.41246,517000306001,maps/robbery/23607.png,13.71,0.793,F,0.991,0.991-0.991,0.991,F,58,517000306002 F at 58 m,,
v26,"1021 Penmar Ave SE, Roanoke, VA 24013",F,ACTIVE (for sale),"1021 Penmar Ave SE, Roanoke, VA 24013","1021 PENMAR ST SE, ROANOKE, VA, 24013",37.262485,-79.92444,517700027003,maps/robbery/24013.png,14.46,0.621,D-,0.889,0.889-0.889,0.889,D-,6,517700027004 D- at 6 m,,
v27,"716 31st St, Newport News, VA 23607",F,ACTIVE (for sale),"716 31st St, Newport News, VA 23607","716 31ST ST, NEWPORT NEWS, VA, 23607",36.986489,-76.420239,517000304001,maps/robbery/23607.png,13.71,0.793,F,0.991,0.991-0.991,0.991,F,220,,,
v28,"27 Carver Cir, Portsmouth, VA 23701",D-,CONTINGENT (2026-09-28),"27 Carver Cir, Portsmouth, VA 23701","27 CARVER CIR, PORTSMOUTH, VA, 23701",36.816166,-76.339899,517402117003,maps/robbery/23701.png,13.96,0.754,D,0.794,0.794-0.794,0.794,D,52,517402117002 D at 52 m,,
v29,"132 Kemper Rd Unit A & B, Danville, VA 24541",D,OFF MARKET (2026-09-28),"132 Kemper Rd, Danville, VA 24541","132 KEMPER RD, DANVILLE, VA, 24541",36.567111,-79.406369,515900010003,maps/robbery/24541.png,13.21,0.6,F,0.934,0.934-0.934,0.934,F,116,,,
v30,"117 Motley Ave, Danville, VA 24540",D+,OFF MARKET (2026-09-28),"117 Motley Ave, Danville, VA 24540","117 MOTLEY AVE, DANVILLE, VA, 24540",36.609568,-79.382379,515900003002,maps/robbery/24540.png,13.21,0.547,C-,0.658,0.658-0.658,0.658,D+,24,515900004002 C at 24 m,,label-anchored reading gives D+
v31,"224 S Jefferson St, Petersburg, VA 23803",D-,"PENDING (Sep 10, 2026)","224 S Jefferson St, Petersburg, VA 23803","224 S JEFFERSON ST, PETERSBURG, VA, 23803",37.224828,-77.398865,517308113002,maps/robbery/23803.png,13.46,0.698,D,0.844,0.844-0.844,0.844,D-,274,,,on the D/D- line; label-anchored reading gives D-
v32,"739 S Rosemont Rd, Virginia Beach, VA 23452",C,CONTINGENT (2026-09-28),"739 S Rosemont Rd, Virginia Beach, VA 23452","739 S ROSEMONT RD, VIRGINIA BEACH, VA, 23452",36.815006,-76.098142,518100458062,maps/robbery/23452.png,14.06,0.724,B+,0.299,0.299-0.299,0.299,B,18,518100454145 B at 18 m,,label-anchored reading gives B
v33,"306 & 308 Troy Ave NE, Roanoke, VA 24012",F,PENDING (2026-09-21),"306 Troy Ave NE, Roanoke, VA 24012","306 TROY AVE NE, ROANOKE, VA, 24012",37.311463,-79.938222,517700004001,maps/robbery/24012.png,13.46,0.667,C-,0.661,0.661-0.661,0.661,D+,277,,,label-anchored reading gives D+
