id,address,source,zip,Robbery_pos,Assault_pos,Burglary_pos,Vandalism_pos,Drug-Related Crime_pos,Murder_pos,Theft_pos,Vehicle Theft_pos,Arson_pos,Robbery_grade,Assault_grade,Burglary_grade,Vandalism_grade,Drug-Related Crime_grade,Murder_grade,Theft_grade,Vehicle Theft_grade,Arson_grade
g01,"639 Conover Rd, Durham, NC 27703",photo list,27703,0.504,0.353,0.694,0.520,0.445,0.294,0.711,0.711,0.273,C+,B,D+,C+,B-,B+,D+,D+,B+
g02,"306 Troy Ave NE, Roanoke, VA 24012",photo list,24012,0.661,0.895,0.961,0.858,0.837,0.794,0.954,0.858,0.520,C-,D-,F,D-,D,D,F,D-,C+
g03,"918 Star St, Rocky Mount, NC 27804",photo list,27804,0.935,0.985,0.934,0.799,0.028,0.961,0.543,0.866,0.837,F,F,F,D,A+,F,C,D-,D
g04,"3446 E 125th St, Cleveland, OH 44120",photo list,44120,0.983,0.961,0.991,0.961,0.961,0.992,0.866,0.934,0.991,F,F,F,F,F,F,D-,F,F
g05,"509 Naylor Rd, Johnstown, PA 15906",photo list,15906,0.121,0.395,0.045,0.197,0.111,0.756,0.244,,0.028,A,B-,A+,A-,A,D+,B+,,A+
g06,"299 Robinson St, Binghamton, NY 13904",photo list,13904,0.060,0.799,0.866,0.316,0.282,0.799,0.568,0.185,0.206,A+,D,D-,B,B+,D,C,A-,A-
g07,"312 N 7th St, Martins Ferry, OH 43935",photo list,43935,0.267,0.858,0.661,0.694,0.267,0.686,0.625,0.388,0.267,B+,D-,C-,D+,B+,C-,C-,B-,B+
g08,"372 Diven Ave, Elmira, NY 14901",photo list,14901,0.846,0.895,0.961,0.504,0.756,0.751,0.895,0.187,0.934,D,D-,F,C+,D+,D+,D-,A-,F
g09,"9816 Manor Ave, Cleveland, OH 44104",photo list,44104,0.954,0.991,0.983,0.934,0.934,0.991,0.954,0.661,0.992,F,F,F,F,F,F,F,C-,F
g10,"245 N Ruby St, Philadelphia, PA 19139",photo list,19139,0.895,0.935,0.889,0.934,0.961,0.983,0.737,0.644,0.934,D-,F,D-,F,F,F,D+,C-,F
g11,"4902 Kershaw St, Philadelphia, PA 19131",photo list,19131,0.985,0.961,0.991,0.991,0.991,0.991,0.954,0.934,0.991,F,F,F,F,F,F,F,F,F
g12,"3601 Memphis Ave, Cleveland, OH 44109",photo list,44109,0.954,0.756,0.934,0.799,0.844,0.799,0.954,0.935,0.846,F,D+,F,D,D,D,F,F,D
g13,"1934 Oakland St, Petersburg, VA 23805",photo list,23805,0.543,0.794,0.774,0.895,0.336,0.934,0.737,0.780,0.794,C,D,D,D-,B,F,D+,D,D
g14,"814 Varsity Dr, Fayetteville, NC 28301",photo list,28301,0.844,0.954,0.934,0.895,0.711,0.983,0.737,0.737,0.934,D,F,F,D-,D+,F,D+,D+,F
g15,"1021 Penmar Ave SE, Roanoke, VA 24013",photo list,24013,0.889,0.872,0.954,0.991,0.504,0.814,0.837,0.482,0.889,D-,D-,F,F,C+,D,D,C+,D-
f004,"276 Harry L Dr, Johnson City, NY 13790",file 14,13790,0.267,0.299,0.895,0.504,0.337,0.756,0.445,0.187,0.737,B+,B+,D-,C+,B,D+,B-,A-,D+
f013,"613 Walnut St, Elmira, NY 14901",file 14,14901,0.362,0.611,0.858,0.282,0.028,0.467,0.846,0.143,0.794,B,C,D-,B+,A+,C+,D,A,D
f022,"47 Lydia St, Binghamton, NY 13905",file 14,13905,0.644,0.895,0.934,0.467,0.430,0.895,0.597,0.206,0.597,C-,D-,F,C+,B-,D-,C,A-,C
f030,"1104 Lake St, Elmira, NY 14901",file 14,14901,0.858,0.934,0.895,0.543,0.417,0.895,0.895,0.244,0.954,D-,F,D-,C,B-,D-,D-,B+,F
f036,"360 Diven Ave, Elmira, NY 14901",file 14,14901,0.846,0.895,0.961,0.504,0.756,0.751,0.895,0.187,0.934,D,D-,F,C+,D+,D+,D-,A-,F
f038,"324 Diven Ave, Elmira, NY 14901",file 14,14901,0.846,0.895,0.961,0.504,0.756,0.751,0.895,0.187,0.934,D,D-,F,C+,D+,D+,D-,A-,F
f041,"90 Gaylord St, Binghamton, NY 13904",file 14,13904,0.467,0.895,0.895,0.170,0.278,0.661,0.799,0.181,0.128,C+,D-,D-,A-,B+,C-,D,A-,A
f063,"214 Barron Ave, Johnstown, PA 15906",file 14,15906,0.858,0.799,0.935,0.814,0.361,0.837,0.837,,0.385,D-,D,F,D,B,D,D,,B-
f068,"10001 Sophia Ave, Cleveland, OH 44104",file 14,44104,0.992,0.992,0.992,0.991,0.991,0.992,0.991,0.934,0.992,F,F,F,F,F,F,F,F,F
f069,"4102 Richland Ave NW, Roanoke, VA 24012",file 14,24012,0.237,0.751,0.661,0.644,0.361,0.658,0.644,0.768,0.267,B+,D+,C-,C-,B,C-,C-,D+,B+
f078,"134 N 53rd St, Philadelphia, PA 19139",file 14,19139,0.954,0.895,0.661,0.866,0.991,0.934,0.774,0.821,0.310,F,D-,C-,D-,F,F,D,D,B
f079,"226 Crete Ave, Elmira, NY 14901",file 14,14901,0.737,0.895,0.913,0.520,0.417,0.837,0.934,0.212,0.611,D+,D-,D-,C+,B-,D,F,A-,C
f091,"5137 Harlan St, Philadelphia, PA 19131",file 14,19131,0.985,0.961,0.991,0.991,0.991,0.991,0.954,0.934,0.991,F,F,F,F,F,F,F,F,F
f100,"126 Troy Ave NE, Roanoke, VA 24012",file 14,24012,0.661,0.895,0.961,0.858,0.837,0.794,0.954,0.858,0.520,C-,D-,F,D-,D,D,F,D-,C+
f101,"31 Crandall St, Binghamton, NY 13905",file 14,13905,0.895,0.895,0.985,0.543,0.844,0.934,0.934,0.278,0.764,D-,D-,F,C,D,F,F,B+,D+
f102,"259 Sunset Dr, Corning, NY 14830",file 14,14830,0.348,0.694,0.821,0.467,0.694,0.388,0.821,0.111,0.694,B,D+,D,C+,D+,B-,D,A,D+
f108,"12 Franklin St, Binghamton, NY 13905",file 14,13905,0.794,0.889,0.934,0.520,0.388,0.711,0.872,0.267,0.611,D,D-,F,C+,B-,D+,D-,B+,C
f120,"114 1/2 I St, Johnstown, PA 15906",file 14,15906,0.858,0.799,0.935,0.814,0.361,0.837,0.837,,0.385,D-,D,F,D,B,D,D,,B-
f122,"306 W Center St, Elmira, NY 14901",file 14,14901,0.156,0.611,0.846,0.185,0.048,0.597,0.846,0.090,0.310,A-,C,D,A-,A+,C,D,A,B
f128,"117 Helen St, Binghamton, NY 13905",file 14,13905,0.362,0.686,0.934,0.428,0.504,0.935,0.568,0.206,0.895,B,C-,F,B-,C+,F,C,A-,D-
f132,"40 Robinson St, Binghamton, NY 13901",file 14,13901,0.934,0.934,0.954,0.543,0.482,0.934,0.858,0.299,0.794,F,F,F,C,C+,F,D-,B+,D
f137,"430 Loder St, Waverly, NY 14892",file 14,14892,0.156,0.611,0.794,0.445,0.737,0.658,0.889,0.078,0.661,A-,C,D,B-,D+,C-,D-,A,C-
f138,"17 Way St, Binghamton, NY 13901",file 14,13901,0.866,0.895,0.934,0.523,0.504,0.751,0.934,0.282,0.774,D-,D-,F,C+,C+,D+,F,B+,D
f139,"33 Lydia St, Binghamton, NY 13905",file 14,13905,0.644,0.895,0.934,0.467,0.430,0.895,0.597,0.206,0.597,C-,D-,F,C+,B-,D-,C,A-,C
f144,"127 Burbank Ave, Johnson City, NY 13790",file 14,13790,0.520,0.774,0.954,0.430,0.336,0.895,0.598,0.206,0.611,C+,D,F,B-,B,D-,C,A-,C
f145,"13 Holland St, Binghamton, NY 13905",file 14,13905,0.780,0.934,0.961,0.504,0.482,0.934,0.895,0.299,0.644,D,F,F,C+,C+,F,D-,B+,C-
f147,"67 S Washington St, Binghamton, NY 13903",file 14,13903,0.934,0.954,0.961,0.568,0.523,0.954,0.961,0.278,0.711,F,F,F,C,C+,F,F,B+,D+
f153,"297 E 2nd St, Corning, NY 14830",file 14,14830,0.090,0.009,0.071,0.153,0.237,0.278,0.111,0.023,0.362,A,A+,A+,A,B+,B+,A,A+,B
f155,"108 S Pine St, Rocky Mount, NC 27804",file 14,27804,0.935,0.985,0.934,0.799,0.028,0.961,0.543,0.866,0.837,F,F,F,D,A+,F,C,D-,D
f169,"5 Julian St, Binghamton, NY 13905",file 14,13905,0.504,0.895,0.954,0.520,0.445,0.858,0.543,0.273,0.237,C+,D-,F,C+,B-,D-,C,B+,B+
f170,"61 Lake Ave #2, Binghamton, NY 13905",file 14,13905,0.504,0.895,0.954,0.520,0.445,0.858,0.543,0.273,0.237,C+,D-,F,C+,B-,D-,C,B+,B+
f171,"28 Glenwood Ave, Binghamton, NY 13905",file 14,13905,0.780,0.934,0.961,0.504,0.482,0.934,0.895,0.299,0.644,D,F,F,C+,C+,F,D-,B+,C-
f175,"34 Pearne St, Binghamton, NY 13901",file 14,13901,0.658,0.913,0.934,0.467,0.482,0.799,0.756,0.212,0.523,C-,D-,F,C+,C+,D,D+,A-,C+
f177,"84 Bigelow St, Binghamton, NY 13904",file 14,13904,0.467,0.895,0.895,0.170,0.278,0.661,0.799,0.181,0.128,C+,D-,D-,A-,B+,C-,D,A-,A
f182,"2316 Edgar St, Fayetteville, NC 28301",file 14,28301,0.844,0.954,0.934,0.895,0.711,0.983,0.737,0.737,0.934,D,F,F,D-,D+,F,D+,D+,F
f188,"2311 Nickey Ave, Fayetteville, NC 28301",file 14,28301,0.844,0.954,0.934,0.895,0.711,0.983,0.737,0.737,0.934,D,F,F,D-,D+,F,D+,D+,F
f195,"515 Albemarle Ave SE, Roanoke, VA 24013",file 14,24013,0.661,0.895,0.961,0.991,0.482,0.844,0.846,0.340,0.780,C-,D-,F,F,C+,D,D,B,D
f203,"28 Hillcrest Ave NE, Roanoke, VA 24012",file 14,24012,0.711,0.953,0.934,0.991,0.895,0.711,0.934,0.895,0.661,D+,F,F,F,D-,D+,F,D-,C-
