image,screenshot,zip_page,crime,view,type_inferred,status
maps/types_batch1248/08232_vandalism.png,Screen Shot 10-02-26 at 12.06 PM.PNG,08232,Vandalism,83,,read
maps/types_batch1248/08360_assault.png,Screen Shot 10-02-26 at 12.06 PM 001.PNG,08360,Assault,82,,read
maps/types_batch1248/08360_burglary.png,Screen Shot 10-02-26 at 12.06 PM 002.PNG,08360,Burglary,82,,read
maps/types_batch1248/08360_drug.png,Screen Shot 10-02-26 at 12.07 PM.PNG,08360,Drug-Related Crime,82,,read
maps/types_batch1248/08360_murder.png,Screen Shot 10-02-26 at 12.07 PM 001.PNG,08360,Murder,84,,read
maps/types_batch1248/08360_robbery.png,Screen Shot 10-02-26 at 12.07 PM 002.PNG,08360,Robbery,85,,read
maps/types_batch1248/19013_murder.png,Screen Shot 10-02-26 at 08.28 AM.PNG,19013,Murder,0,,read
maps/types_batch1248/19013_robbery.png,Screen Shot 10-02-26 at 08.28 AM 001.PNG,19013,Robbery,0,,read
maps/types_batch1248/19013_vandalism.png,Screen Shot 10-02-26 at 08.28 AM 002.PNG,19013,Vandalism,0,,read
maps/types_batch1248/19090_assault.png,Screen Shot 10-02-26 at 08.28 AM 003.PNG,19090,Assault,1,,read
maps/types_batch1248/19090_burglary.png,Screen Shot 10-02-26 at 08.28 AM 004.PNG,19090,Burglary,2,,read
maps/types_batch1248/19090_drug.png,Screen Shot 10-02-26 at 08.28 AM 005.PNG,19090,Drug-Related Crime,1,,read
maps/types_batch1248/19090_murder.png,Screen Shot 10-02-26 at 08.28 AM 006.PNG,19090,Murder,1,,read
maps/types_batch1248/19090_robbery.png,Screen Shot 10-02-26 at 08.28 AM 007.PNG,19090,Robbery,1,,read
maps/types_batch1248/19090_vandalism.png,Screen Shot 10-02-26 at 08.28 AM 008.PNG,19090,Vandalism,1,,read
maps/types_batch1248/19111_assault.png,Screen Shot 10-02-26 at 08.29 AM 001.PNG,19111,Assault,3,,read
maps/types_batch1248/19111_assault_2.png,Screen Shot 10-02-26 at 08.29 AM.PNG,19111,Assault,,,dropped: street layer did not load; the same tab is in the batch with streets
maps/types_batch1248/19111_burglary.png,Screen Shot 10-02-26 at 08.29 AM 002.PNG,19111,Burglary,3,,read
maps/types_batch1248/19111_drug.png,Screen Shot 10-02-26 at 08.29 AM 003.PNG,19111,Drug-Related Crime,3,,read
maps/types_batch1248/19111_drug_2.png,Screen Shot 10-02-26 at 11.51 AM 001.PNG,19111,Drug-Related Crime,59,,read
maps/types_batch1248/19111_murder.png,Screen Shot 10-02-26 at 08.29 AM 004.PNG,19111,Murder,4,,read
maps/types_batch1248/19111_murder_2.png,Screen Shot 10-02-26 at 11.51 AM.PNG,19111,Murder,59,,read
maps/types_batch1248/19111_robbery.png,Screen Shot 10-02-26 at 08.29 AM 005.PNG,19111,Robbery,3,,read
maps/types_batch1248/19111_robbery_2.png,Screen Shot 10-02-26 at 11.50 AM.PNG,19111,Robbery,60,,read
maps/types_batch1248/19111_vandalism.png,Screen Shot 10-02-26 at 08.29 AM 006.PNG,19111,Vandalism,3,,read
maps/types_batch1248/19111_vandalism_2.png,Screen Shot 10-02-26 at 11.50 AM 001.PNG,19111,Vandalism,59,,read
maps/types_batch1248/19114_assault.png,Screen Shot 10-02-26 at 08.29 AM 007.PNG,19114,Assault,5,,read
maps/types_batch1248/19114_assault_2.png,Screen Shot 10-02-26 at 08.29 AM 008.PNG,19114,Assault,5,,read
maps/types_batch1248/19114_burglary.png,Screen Shot 10-02-26 at 08.30 AM.PNG,19114,Burglary,5,,read
maps/types_batch1248/19114_drug.png,Screen Shot 10-02-26 at 08.30 AM 001.PNG,19114,Drug-Related Crime,5,,read
maps/types_batch1248/19114_murder.png,Screen Shot 10-02-26 at 08.30 AM 002.PNG,19114,Murder,5,,read
maps/types_batch1248/19114_robbery.png,Screen Shot 10-02-26 at 08.30 AM 003.PNG,19114,Robbery,5,,read
maps/types_batch1248/19114_vandalism.png,Screen Shot 10-02-26 at 08.30 AM 004.PNG,19114,Vandalism,5,,read
maps/types_batch1248/19115_assault.png,Screen Shot 10-02-26 at 08.30 AM 005.PNG,19115,Assault,7,,read
maps/types_batch1248/19115_burglary.png,Screen Shot 10-02-26 at 08.30 AM 006.PNG,19115,Burglary,7,,read
maps/types_batch1248/19115_drug.png,Screen Shot 10-02-26 at 08.30 AM 007.PNG,19115,Drug-Related Crime,7,,read
maps/types_batch1248/19115_murder.png,Screen Shot 10-02-26 at 08.30 AM 008.PNG,19115,Murder,7,,read
maps/types_batch1248/19115_robbery.png,Screen Shot 10-02-26 at 08.32 AM.PNG,19115,Robbery,7,,read
maps/types_batch1248/19115_vandalism.png,Screen Shot 10-02-26 at 08.32 AM 001.PNG,19115,Vandalism,7,,read
maps/types_batch1248/19128_assault.png,Screen Shot 10-02-26 at 08.32 AM 002.PNG,19128,Assault,8,,read
maps/types_batch1248/19128_burglary.png,Screen Shot 10-02-26 at 08.32 AM 003.PNG,19128,Burglary,8,,read
maps/types_batch1248/19128_drug.png,Screen Shot 10-02-26 at 08.32 AM 004.PNG,19128,Drug-Related Crime,8,,read
maps/types_batch1248/19128_murder.png,Screen Shot 10-02-26 at 08.32 AM 005.PNG,19128,Murder,8,,read
maps/types_batch1248/19128_robbery.png,Screen Shot 10-02-26 at 08.32 AM 006.PNG,19128,Robbery,8,,read
maps/types_batch1248/19128_vandalism.png,Screen Shot 10-02-26 at 08.32 AM 007.PNG,19128,Vandalism,8,,read
maps/types_batch1248/19145_assault.png,Screen Shot 10-02-26 at 08.32 AM 008.PNG,19145,Assault,9,,read
maps/types_batch1248/19145_burglary.png,Screen Shot 10-02-26 at 08.32 AM 009.PNG,19145,Burglary,10,,read
maps/types_batch1248/19145_drug.png,Screen Shot 10-02-26 at 08.32 AM 010.PNG,19145,Drug-Related Crime,10,,read
maps/types_batch1248/19145_murder.png,Screen Shot 10-02-26 at 08.32 AM 011.PNG,19145,Murder,9,,read
maps/types_batch1248/19145_robbery.png,Screen Shot 10-02-26 at 08.32 AM 012.PNG,19145,Robbery,10,,read
maps/types_batch1248/19145_vandalism.png,Screen Shot 10-02-26 at 08.32 AM 013.PNG,19145,Vandalism,10,,read
maps/types_batch1248/19148_assault.png,Screen Shot 10-02-26 at 08.32 AM 014.PNG,19148,Assault,11,,read
maps/types_batch1248/19148_burglary.png,Screen Shot 10-02-26 at 08.32 AM 015.PNG,19148,Burglary,12,,read
maps/types_batch1248/19148_drug.png,Screen Shot 10-02-26 at 08.32 AM 016.PNG,19148,Drug-Related Crime,12,,read
maps/types_batch1248/19148_murder.png,Screen Shot 10-02-26 at 08.32 AM 017.PNG,19148,Murder,11,,read
maps/types_batch1248/19148_robbery.png,Screen Shot 10-02-26 at 08.32 AM 018.PNG,19148,Robbery,12,,read
maps/types_batch1248/19148_vandalism.png,Screen Shot 10-02-26 at 08.32 AM 019.PNG,19148,Vandalism,12,,read
maps/types_batch1248/19154_assault.png,Screen Shot 10-02-26 at 08.32 AM 020.PNG,19154,Assault,13,,read
maps/types_batch1248/19154_burglary.png,Screen Shot 10-02-26 at 08.32 AM 021.PNG,19154,Burglary,13,,read
maps/types_batch1248/19154_drug.png,Screen Shot 10-02-26 at 08.32 AM 022.PNG,19154,Drug-Related Crime,13,,read
maps/types_batch1248/19154_murder.png,Screen Shot 10-02-26 at 08.32 AM 023.PNG,19154,Murder,13,,read
maps/types_batch1248/19154_robbery.png,Screen Shot 10-02-26 at 08.32 AM 024.PNG,19154,Robbery,,,dropped: street layer did not load; the same tab is in the batch with streets
maps/types_batch1248/19154_robbery_2.png,Screen Shot 10-02-26 at 08.32 AM 025.PNG,19154,Robbery,13,,read
maps/types_batch1248/19154_vandalism.png,Screen Shot 10-02-26 at 08.33 AM.PNG,19154,Vandalism,19,,read
maps/types_batch1248/19401_assault.png,Screen Shot 10-02-26 at 08.33 AM 001.PNG,19401,Assault,14,,read
maps/types_batch1248/19401_burglary.png,Screen Shot 10-02-26 at 08.33 AM 002.PNG,19401,Burglary,14,,read
maps/types_batch1248/19401_drug.png,Screen Shot 10-02-26 at 08.33 AM 003.PNG,19401,Drug-Related Crime,15,,read
maps/types_batch1248/19401_murder.png,Screen Shot 10-02-26 at 08.33 AM 004.PNG,19401,Murder,14,,read
maps/types_batch1248/19401_robbery.png,Screen Shot 10-02-26 at 08.33 AM 005.PNG,19401,Robbery,14,,read
maps/types_batch1248/19401_vandalism.png,Screen Shot 10-02-26 at 08.33 AM 006.PNG,19401,Vandalism,15,,read
maps/types_batch1248/19446_assault.png,Screen Shot 10-02-26 at 08.33 AM 007.PNG,19446,Assault,16,,read
maps/types_batch1248/19446_burglary.png,Screen Shot 10-02-26 at 08.33 AM 008.PNG,19446,Burglary,16,,read
maps/types_batch1248/19446_drug.png,Screen Shot 10-02-26 at 08.33 AM 009.PNG,19446,Drug-Related Crime,17,,read
maps/types_batch1248/19446_murder.png,Screen Shot 10-02-26 at 08.33 AM 010.PNG,19446,Murder,17,,read
maps/types_batch1248/19446_robbery.png,Screen Shot 10-02-26 at 08.33 AM 011.PNG,19446,Robbery,17,,read
maps/types_batch1248/19446_vandalism.png,Screen Shot 10-02-26 at 08.33 AM 012.PNG,19446,Vandalism,17,,read
maps/types_batch1248/19460_assault.png,Screen Shot 10-02-26 at 08.33 AM 013.PNG,19460,Assault,18,,read
maps/types_batch1248/19460_burglary.png,Screen Shot 10-02-26 at 08.33 AM 014.PNG,19460,Burglary,18,,read
maps/types_batch1248/19460_drug.png,Screen Shot 10-02-26 at 08.33 AM 015.PNG,19460,Drug-Related Crime,18,,read
maps/types_batch1248/19460_murder.png,Screen Shot 10-02-26 at 08.33 AM 016.PNG,19460,Murder,18,,read
maps/types_batch1248/19460_robbery.png,Screen Shot 10-02-26 at 08.33 AM 017.PNG,19460,Robbery,18,,read
maps/types_batch1248/19460_vandalism.png,Screen Shot 10-02-26 at 08.33 AM 018.PNG,19460,Vandalism,18,,read
maps/types_batch1248/19464_assault.png,Screen Shot 10-02-26 at 08.34 AM.PNG,19464,Assault,21,,read
maps/types_batch1248/19464_burglary.png,Screen Shot 10-02-26 at 08.34 AM 001.PNG,19464,Burglary,20,,read
maps/types_batch1248/19464_drug.png,Screen Shot 10-02-26 at 08.34 AM 002.PNG,19464,Drug-Related Crime,21,,read
maps/types_batch1248/19464_murder.png,Screen Shot 10-02-26 at 08.34 AM 003.PNG,19464,Murder,21,,read
maps/types_batch1248/19464_robbery.png,Screen Shot 10-02-26 at 08.34 AM 004.PNG,19464,Robbery,21,,read
maps/types_batch1248/19464_robbery_2.png,Screen Shot 10-02-26 at 08.34 AM 005.PNG,19464,Robbery,21,,read
maps/types_batch1248/19464_vandalism.png,Screen Shot 10-02-26 at 08.34 AM 006.PNG,19464,Vandalism,21,,read
maps/types_batch1248/19601_assault.png,Screen Shot 10-02-26 at 08.36 AM.PNG,19601,Assault,22,,read
maps/types_batch1248/19601_assault_2.png,Screen Shot 10-02-26 at 08.45 AM.PNG,19601,Assault,22,,read
maps/types_batch1248/19601_burglary.png,Screen Shot 10-02-26 at 08.38 AM.PNG,19601,Burglary,22,,read
maps/types_batch1248/19601_drug.png,Screen Shot 10-02-26 at 08.38 AM 001.PNG,19601,Drug-Related Crime,22,,read
maps/types_batch1248/19601_murder.png,Screen Shot 10-02-26 at 08.38 AM 002.PNG,19601,Murder,22,,read
maps/types_batch1248/19601_robbery.png,Screen Shot 10-02-26 at 08.38 AM 003.PNG,19601,Robbery,22,,read
maps/types_batch1248/19601_vandalism.png,Screen Shot 10-02-26 at 08.38 AM 004.PNG,19601,Vandalism,22,,read
maps/types_batch1248/19604_assault.png,Screen Shot 10-02-26 at 08.38 AM 005.PNG,19604,Assault,23,,read
maps/types_batch1248/19604_burglary.png,Screen Shot 10-02-26 at 08.38 AM 006.PNG,19604,Burglary,23,,read
maps/types_batch1248/19604_drug.png,Screen Shot 10-02-26 at 08.38 AM 007.PNG,19604,Drug-Related Crime,23,,read
maps/types_batch1248/19604_murder.png,Screen Shot 10-02-26 at 08.38 AM 008.PNG,19604,Murder,23,,read
maps/types_batch1248/19604_robbery.png,Screen Shot 10-02-26 at 08.38 AM 009.PNG,19604,Robbery,23,,read
maps/types_batch1248/19604_vandalism.png,Screen Shot 10-02-26 at 08.38 AM 010.PNG,19604,Vandalism,23,,read
maps/types_batch1248/22601_assault.png,Screen Shot 10-02-26 at 08.38 AM 011.PNG,22601,Assault,24,,read
maps/types_batch1248/22601_burglary.png,Screen Shot 10-02-26 at 08.38 AM 012.PNG,22601,Burglary,25,,read
maps/types_batch1248/22601_drug.png,Screen Shot 10-02-26 at 08.39 AM.PNG,22601,Drug-Related Crime,24,,read
maps/types_batch1248/22601_murder.png,Screen Shot 10-02-26 at 08.39 AM 001.PNG,22601,Murder,24,,read
maps/types_batch1248/22601_murder_2.png,Screen Shot 10-02-26 at 08.39 AM 002.PNG,22601,Murder,24,,read
maps/types_batch1248/22601_robbery.png,Screen Shot 10-02-26 at 08.39 AM 003.PNG,22601,Robbery,24,,read
maps/types_batch1248/22601_vandalism.png,Screen Shot 10-02-26 at 08.39 AM 004.PNG,22601,Vandalism,25,,read
maps/types_batch1248/22840_assault.png,Screen Shot 10-02-26 at 08.39 AM 005.PNG,22840,Assault,26,,read
maps/types_batch1248/22840_burglary.png,Screen Shot 10-02-26 at 08.39 AM 006.PNG,22840,Burglary,27,,read
maps/types_batch1248/22840_drug.png,Screen Shot 10-02-26 at 08.40 AM.PNG,22840,Drug-Related Crime,26,,read
maps/types_batch1248/22840_murder.png,Screen Shot 10-02-26 at 08.40 AM 001.PNG,22840,Murder,26,,read
maps/types_batch1248/22840_robbery.png,Screen Shot 10-02-26 at 08.40 AM 002.PNG,22840,Robbery,26,,read
maps/types_batch1248/22840_vandalism.png,Screen Shot 10-02-26 at 08.40 AM 003.PNG,22840,Vandalism,27,,read
maps/types_batch1248/22901_assault.png,Screen Shot 10-02-26 at 08.40 AM 004.PNG,22901,Assault,28,,read
maps/types_batch1248/22901_burglary.png,Screen Shot 10-02-26 at 08.40 AM 005.PNG,22901,Burglary,28,,read
maps/types_batch1248/22901_drug.png,Screen Shot 10-02-26 at 08.40 AM 006.PNG,22901,Drug-Related Crime,28,,read
maps/types_batch1248/22901_murder.png,Screen Shot 10-02-26 at 08.40 AM 007.PNG,22901,Murder,28,,read
maps/types_batch1248/22901_robbery.png,Screen Shot 10-02-26 at 08.40 AM 008.PNG,22901,Robbery,29,,read
maps/types_batch1248/22901_vandalism.png,Screen Shot 10-02-26 at 08.40 AM 009.PNG,22901,Vandalism,28,,read
maps/types_batch1248/22902_assault.png,Screen Shot 10-02-26 at 08.40 AM 010.PNG,22902,Assault,30,,read
maps/types_batch1248/22902_burglary.png,Screen Shot 10-02-26 at 08.40 AM 011.PNG,22902,Burglary,30,,read
maps/types_batch1248/22902_drug.png,Screen Shot 10-02-26 at 08.40 AM 012.PNG,22902,Drug-Related Crime,30,,read
maps/types_batch1248/22902_murder.png,Screen Shot 10-02-26 at 08.40 AM 013.PNG,22902,Murder,30,,read
maps/types_batch1248/22902_robbery.png,Screen Shot 10-02-26 at 08.40 AM 014.PNG,22902,Robbery,31,,read
maps/types_batch1248/22902_vandalism.png,Screen Shot 10-02-26 at 08.40 AM 015.PNG,22902,Vandalism,31,,read
maps/types_batch1248/23060_assault.png,Screen Shot 10-02-26 at 08.40 AM 016.PNG,23060,Assault,32,,read
maps/types_batch1248/23060_burglary.png,Screen Shot 10-02-26 at 08.40 AM 017.PNG,23060,Burglary,33,,read
maps/types_batch1248/23060_drug.png,Screen Shot 10-02-26 at 08.40 AM 018.PNG,23060,Drug-Related Crime,32,,read
maps/types_batch1248/23060_murder.png,Screen Shot 10-02-26 at 08.40 AM 019.PNG,23060,Murder,33,,read
maps/types_batch1248/23060_robbery.png,Screen Shot 10-02-26 at 08.41 AM.PNG,23060,Robbery,32,,read
maps/types_batch1248/23060_vandalism.png,Screen Shot 10-02-26 at 08.41 AM 001.PNG,23060,Vandalism,33,,read
maps/types_batch1248/23222_assault.png,Screen Shot 10-02-26 at 08.41 AM 002.PNG,23222,Assault,34,,read
maps/types_batch1248/23222_burglary.png,Screen Shot 10-02-26 at 08.41 AM 003.PNG,23222,Burglary,35,,read
maps/types_batch1248/23222_drug.png,Screen Shot 10-02-26 at 08.41 AM 004.PNG,23222,Drug-Related Crime,34,,read
maps/types_batch1248/23222_murder.png,Screen Shot 10-02-26 at 08.41 AM 005.PNG,23222,Murder,35,,read
maps/types_batch1248/23222_robbery.png,Screen Shot 10-02-26 at 08.41 AM 006.PNG,23222,Robbery,35,,read
maps/types_batch1248/23222_vandalism.png,Screen Shot 10-02-26 at 08.41 AM 007.PNG,23222,Vandalism,35,,read
maps/types_batch1248/23223_assault.png,Screen Shot 10-02-26 at 08.41 AM 008.PNG,23223,Assault,36,,read
maps/types_batch1248/23223_burglary.png,Screen Shot 10-02-26 at 08.41 AM 009.PNG,23223,Burglary,37,,read
maps/types_batch1248/23223_drug.png,Screen Shot 10-02-26 at 08.41 AM 010.PNG,23223,Drug-Related Crime,36,,read
maps/types_batch1248/23223_murder.png,Screen Shot 10-02-26 at 08.41 AM 011.PNG,23223,Murder,37,,read
maps/types_batch1248/23223_robbery.png,Screen Shot 10-02-26 at 08.41 AM 012.PNG,23223,Robbery,37,,read
maps/types_batch1248/23223_vandalism.png,Screen Shot 10-02-26 at 08.41 AM 013.PNG,23223,Vandalism,37,,read
maps/types_batch1248/24112_assault.png,Screen Shot 10-02-26 at 08.41 AM 014.PNG,24112,Assault,38,,read
maps/types_batch1248/24112_burglary.png,Screen Shot 10-02-26 at 08.41 AM 015.PNG,24112,Burglary,38,,read
maps/types_batch1248/24112_drug.png,Screen Shot 10-02-26 at 08.41 AM 016.PNG,24112,Drug-Related Crime,38,,read
maps/types_batch1248/24112_murder.png,Screen Shot 10-02-26 at 08.41 AM 017.PNG,24112,Murder,38,,read
maps/types_batch1248/24112_robbery.png,Screen Shot 10-02-26 at 08.41 AM 018.PNG,24112,Robbery,38,,read
maps/types_batch1248/24112_vandalism.png,Screen Shot 10-02-26 at 08.41 AM 019.PNG,24112,Vandalism,38,,read
maps/types_batch1248/24153_assault.png,Screen Shot 10-02-26 at 08.41 AM 020.PNG,24153,Assault,39,,read
maps/types_batch1248/24153_burglary.png,Screen Shot 10-02-26 at 08.45 AM 001.PNG,24153,Burglary,39,,read
maps/types_batch1248/24153_drug.png,Screen Shot 10-02-26 at 08.45 AM 002.PNG,24153,Drug-Related Crime,39,,read
maps/types_batch1248/24153_murder.png,Screen Shot 10-02-26 at 08.45 AM 003.PNG,24153,Murder,39,,read
maps/types_batch1248/24153_robbery.png,Screen Shot 10-02-26 at 08.45 AM 004.PNG,24153,Robbery,39,,read
maps/types_batch1248/24153_vandalism.png,Screen Shot 10-02-26 at 08.45 AM 005.PNG,24153,Vandalism,39,,read
maps/types_batch1248/24202_assault.png,Screen Shot 10-02-26 at 08.45 AM 006.PNG,24202,Assault,40,,read
maps/types_batch1248/24202_burglary.png,Screen Shot 10-02-26 at 08.45 AM 007.PNG,24202,Burglary,40,,read
maps/types_batch1248/24202_drug.png,Screen Shot 10-02-26 at 08.45 AM 008.PNG,24202,Drug-Related Crime,40,,read
maps/types_batch1248/24202_murder.png,Screen Shot 10-02-26 at 08.45 AM 009.PNG,24202,Murder,40,,read
maps/types_batch1248/24202_robbery.png,Screen Shot 10-02-26 at 08.45 AM 010.PNG,24202,Robbery,41,,read
maps/types_batch1248/24202_vandalism.png,Screen Shot 10-02-26 at 08.45 AM 011.PNG,24202,Vandalism,40,,read
maps/types_batch1248/24219_assault.png,Screen Shot 10-02-26 at 08.45 AM 012.PNG,24219,Assault,42,,read
maps/types_batch1248/24219_burglary.png,Screen Shot 10-02-26 at 08.45 AM 013.PNG,24219,Burglary,43,,read
maps/types_batch1248/24219_drug.png,Screen Shot 10-02-26 at 08.45 AM 014.PNG,24219,Drug-Related Crime,43,,read
maps/types_batch1248/24219_murder.png,Screen Shot 10-02-26 at 08.45 AM 015.PNG,24219,Murder,43,,read
maps/types_batch1248/24219_robbery.png,Screen Shot 10-02-26 at 08.45 AM 016.PNG,24219,Robbery,43,,read
maps/types_batch1248/24219_vandalism.png,Screen Shot 10-02-26 at 08.45 AM 017.PNG,24219,Vandalism,43,,read
maps/types_batch1248/24301_assault.png,Screen Shot 10-02-26 at 08.45 AM 018.PNG,24301,Assault,44,,read
maps/types_batch1248/24301_assault_2.png,Screen Shot 10-02-26 at 08.46 AM.PNG,24301,Assault,45,,read
maps/types_batch1248/24301_burglary.png,Screen Shot 10-02-26 at 08.46 AM 001.PNG,24301,Burglary,44,,read
maps/types_batch1248/24301_drug.png,Screen Shot 10-02-26 at 08.46 AM 002.PNG,24301,Drug-Related Crime,45,,read
maps/types_batch1248/24301_murder.png,Screen Shot 10-02-26 at 08.46 AM 003.PNG,24301,Murder,45,,read
maps/types_batch1248/24301_robbery.png,Screen Shot 10-02-26 at 08.46 AM 004.PNG,24301,Robbery,44,,read
maps/types_batch1248/24301_vandalism.png,Screen Shot 10-02-26 at 08.46 AM 005.PNG,24301,Vandalism,45,,read
maps/types_batch1248/24319_assault.png,Screen Shot 10-02-26 at 08.46 AM 006.PNG,24319,Assault,46,,read
maps/types_batch1248/24319_burglary.png,Screen Shot 10-02-26 at 08.46 AM 007.PNG,24319,Burglary,47,,read
maps/types_batch1248/24319_drug.png,Screen Shot 10-02-26 at 08.46 AM 008.PNG,24319,Drug-Related Crime,47,,read
maps/types_batch1248/24319_murder.png,Screen Shot 10-02-26 at 08.46 AM 009.PNG,24319,Murder,47,,read
maps/types_batch1248/24319_robbery.png,Screen Shot 10-02-26 at 08.46 AM 010.PNG,24319,Robbery,47,,read
maps/types_batch1248/24319_vandalism.png,Screen Shot 10-02-26 at 08.46 AM 011.PNG,24319,Vandalism,47,,read
maps/types_batch1248/24361_assault.png,Screen Shot 10-02-26 at 08.46 AM 012.PNG,24361,Assault,48,,read
maps/types_batch1248/24361_burglary.png,Screen Shot 10-02-26 at 08.46 AM 013.PNG,24361,Burglary,49,,read
maps/types_batch1248/24361_drug.png,Screen Shot 10-02-26 at 08.46 AM 014.PNG,24361,Drug-Related Crime,49,,read
maps/types_batch1248/24361_murder.png,Screen Shot 10-02-26 at 08.46 AM 015.PNG,24361,Murder,49,,read
maps/types_batch1248/24361_robbery.png,Screen Shot 10-02-26 at 08.46 AM 016.PNG,24361,Robbery,49,,read
maps/types_batch1248/24361_vandalism.png,Screen Shot 10-02-26 at 08.46 AM 017.PNG,24361,Vandalism,49,,read
maps/types_batch1248/24401_vandalism.png,Screen Shot 10-02-26 at 11.52 AM.PNG,24401,Vandalism,62,,read
maps/types_batch1248/24416_assault.png,Screen Shot 10-02-26 at 08.46 AM 018.PNG,24416,Assault,50,,read
maps/types_batch1248/24416_burglary.png,Screen Shot 10-02-26 at 08.46 AM 019.PNG,24416,Burglary,51,,read
maps/types_batch1248/24416_drug.png,Screen Shot 10-02-26 at 08.46 AM 020.PNG,24416,Drug-Related Crime,50,,read
maps/types_batch1248/24416_murder.png,Screen Shot 10-02-26 at 08.46 AM 021.PNG,24416,Murder,51,,read
maps/types_batch1248/24416_robbery.png,Screen Shot 10-02-26 at 08.46 AM 022.PNG,24416,Robbery,51,,read
maps/types_batch1248/24416_vandalism.png,Screen Shot 10-02-26 at 08.46 AM 023.PNG,24416,Vandalism,51,,read
maps/types_batch1248/24502_assault.png,Screen Shot 10-02-26 at 08.46 AM 024.PNG,24502,Assault,52,,read
maps/types_batch1248/24502_burglary.png,Screen Shot 10-02-26 at 08.46 AM 025.PNG,24502,Burglary,86,,read
maps/types_batch1248/24502_drug.png,Screen Shot 10-02-26 at 08.47 AM 001.PNG,24502,Drug-Related Crime,52,,read
maps/types_batch1248/24502_drug_2.png,Screen Shot 10-02-26 at 08.47 AM.PNG,24502,Drug-Related Crime,52,,read
maps/types_batch1248/24502_murder.png,Screen Shot 10-02-26 at 08.47 AM 002.PNG,24502,Murder,52,,read
maps/types_batch1248/24502_robbery.png,Screen Shot 10-02-26 at 08.47 AM 003.PNG,24502,Robbery,52,,read
maps/types_batch1248/24502_vandalism.png,Screen Shot 10-02-26 at 08.47 AM 004.PNG,24502,Vandalism,52,,read
maps/types_batch1248/24523_assault.png,Screen Shot 10-02-26 at 08.47 AM 005.PNG,24523,Assault,53,,read
maps/types_batch1248/24523_burglary.png,Screen Shot 10-02-26 at 08.48 AM.PNG,24523,Burglary,53,,read
maps/types_batch1248/24523_drug.png,Screen Shot 10-02-26 at 08.48 AM 001.PNG,24523,Drug-Related Crime,53,,read
maps/types_batch1248/24523_murder.png,Screen Shot 10-02-26 at 08.48 AM 002.PNG,24523,Murder,53,,read
maps/types_batch1248/24523_robbery.png,Screen Shot 10-02-26 at 08.48 AM 003.PNG,24523,Robbery,53,,read
maps/types_batch1248/24523_vandalism.png,Screen Shot 10-02-26 at 08.48 AM 004.PNG,24523,Vandalism,53,,read
maps/types_batch1248/25177_assault.png,Screen Shot 10-02-26 at 08.48 AM 005.PNG,25177,Assault,54,,read
maps/types_batch1248/25177_assault_2.png,Screen Shot 10-02-26 at 08.48 AM 006.PNG,25177,Assault,55,,read
maps/types_batch1248/25177_burglary.png,Screen Shot 10-02-26 at 08.48 AM 007.PNG,25177,Burglary,55,,read
maps/types_batch1248/25177_drug.png,Screen Shot 10-02-26 at 08.48 AM 008.PNG,25177,Drug-Related Crime,55,,read
maps/types_batch1248/25177_murder.png,Screen Shot 10-02-26 at 08.48 AM 009.PNG,25177,Murder,55,,read
maps/types_batch1248/25177_robbery.png,Screen Shot 10-02-26 at 08.48 AM 010.PNG,25177,Robbery,55,,read
maps/types_batch1248/25177_vandalism.png,Screen Shot 10-02-26 at 08.48 AM 011.PNG,25177,Vandalism,54,,read
maps/types_batch1248/25311_assault.png,Screen Shot 10-02-26 at 08.48 AM 012.PNG,25311,Assault,56,,read
maps/types_batch1248/25311_burglary.png,Screen Shot 10-02-26 at 08.48 AM 013.PNG,25311,Burglary,56,,read
maps/types_batch1248/25311_drug.png,Screen Shot 10-02-26 at 08.48 AM 014.PNG,25311,Drug-Related Crime,56,,read
maps/types_batch1248/25311_murder.png,Screen Shot 10-02-26 at 08.48 AM 015.PNG,25311,Murder,56,,read
maps/types_batch1248/25311_robbery.png,Screen Shot 10-02-26 at 08.48 AM 016.PNG,25311,Robbery,56,,read
maps/types_batch1248/25311_vandalism.png,Screen Shot 10-02-26 at 08.48 AM 017.PNG,25311,Vandalism,56,,read
maps/types_batch1248/26062_assault.png,Screen Shot 10-02-26 at 08.48 AM 018.PNG,26062,Assault,57,,read
maps/types_batch1248/26062_burglary.png,Screen Shot 10-02-26 at 08.48 AM 019.PNG,26062,Burglary,58,,read
maps/types_batch1248/26062_drug.png,Screen Shot 10-02-26 at 08.48 AM 020.PNG,26062,Drug-Related Crime,57,,read
maps/types_batch1248/26062_murder.png,Screen Shot 10-02-26 at 08.48 AM 021.PNG,26062,Murder,58,,read
maps/types_batch1248/26062_robbery.png,Screen Shot 10-02-26 at 11.54 AM.PNG,26062,Robbery,63,,read
maps/types_batch1248/26062_vandalism.png,Screen Shot 10-02-26 at 11.54 AM 001.PNG,26062,Vandalism,63,,read
maps/types_batch1248/27030_assault.png,Screen Shot 10-02-26 at 11.54 AM 002.PNG,27030,Assault,64,,read
maps/types_batch1248/27030_burglary.png,Screen Shot 10-02-26 at 11.54 AM 003.PNG,27030,Burglary,64,,read
maps/types_batch1248/27030_drug.png,Screen Shot 10-02-26 at 11.54 AM 004.PNG,27030,Drug-Related Crime,64,,read
maps/types_batch1248/27030_drug_2.png,Screen Shot 10-02-26 at 11.55 AM.PNG,27030,Drug-Related Crime,64,,read
maps/types_batch1248/27030_murder.png,Screen Shot 10-02-26 at 11.54 AM 005.PNG,27030,Murder,64,,read
maps/types_batch1248/27030_robbery.png,Screen Shot 10-02-26 at 11.55 AM 001.PNG,27030,Robbery,64,,read
maps/types_batch1248/27030_vandalism.png,Screen Shot 10-02-26 at 11.55 AM 002.PNG,27030,Vandalism,64,,read
maps/types_batch1248/27127_assault.png,Screen Shot 10-02-26 at 11.55 AM 003.PNG,27127,Assault,65,,read
maps/types_batch1248/27127_burglary.png,Screen Shot 10-02-26 at 11.55 AM 004.PNG,27127,Burglary,65,,read
maps/types_batch1248/27127_drug.png,Screen Shot 10-02-26 at 11.58 AM.PNG,27127,Drug-Related Crime,65,,read
maps/types_batch1248/27127_murder.png,Screen Shot 10-02-26 at 11.58 AM 001.PNG,27127,Murder,65,,read
maps/types_batch1248/27127_robbery.png,Screen Shot 10-02-26 at 11.58 AM 002.PNG,27127,Robbery,,,dropped: street layer did not load; the same tab is in the batch with streets
maps/types_batch1248/27127_robbery_2.png,Screen Shot 10-02-26 at 11.58 AM 003.PNG,27127,Robbery,65,,read
maps/types_batch1248/27127_vandalism.png,Screen Shot 10-02-26 at 11.58 AM 004.PNG,27127,Vandalism,65,,read
maps/types_batch1248/27215_drug.png,Screen Shot 10-02-26 at 11.52 AM 001.PNG,27215,Drug-Related Crime,61,,read
maps/types_batch1248/27260_assault.png,Screen Shot 10-02-26 at 11.58 AM 005.PNG,27260,Assault,67,,read
maps/types_batch1248/27260_burglary.png,Screen Shot 10-02-26 at 11.58 AM 006.PNG,27260,Burglary,68,,read
maps/types_batch1248/27260_drug.png,Screen Shot 10-02-26 at 11.58 AM 007.PNG,27260,Drug-Related Crime,68,,read
maps/types_batch1248/27260_murder.png,Screen Shot 10-02-26 at 11.58 AM 008.PNG,27260,Murder,67,,read
maps/types_batch1248/27260_robbery.png,Screen Shot 10-02-26 at 11.58 AM 009.PNG,27260,Robbery,68,,read
maps/types_batch1248/27260_vandalism.png,Screen Shot 10-02-26 at 11.58 AM 010.PNG,27260,Vandalism,68,,read
maps/types_batch1248/27302_assault.png,Screen Shot 10-02-26 at 11.58 AM 011.PNG,27302,Assault,69,,read
maps/types_batch1248/27302_burglary.png,Screen Shot 10-02-26 at 11.58 AM 012.PNG,27302,Burglary,69,,read
maps/types_batch1248/27302_drug.png,Screen Shot 10-02-26 at 11.58 AM 013.PNG,27302,Drug-Related Crime,69,,read
maps/types_batch1248/27302_murder.png,Screen Shot 10-02-26 at 11.58 AM 014.PNG,27302,Murder,69,,read
maps/types_batch1248/27302_robbery.png,Screen Shot 10-02-26 at 11.58 AM 015.PNG,27302,Robbery,69,,read
maps/types_batch1248/27302_vandalism.png,Screen Shot 10-02-26 at 11.58 AM 016.PNG,27302,Vandalism,69,,read
maps/types_batch1248/27360_assault.png,Screen Shot 10-02-26 at 11.58 AM 017.PNG,27360,Assault,70,,read
maps/types_batch1248/27360_burglary.png,Screen Shot 10-02-26 at 11.58 AM 018.PNG,27360,Burglary,70,,read
maps/types_batch1248/27360_drug.png,Screen Shot 10-02-26 at 11.58 AM 019.PNG,27360,Drug-Related Crime,70,,read
maps/types_batch1248/27360_murder.png,Screen Shot 10-02-26 at 11.58 AM 020.PNG,27360,Murder,70,,read
maps/types_batch1248/27360_robbery.png,Screen Shot 10-02-26 at 11.58 AM 021.PNG,27360,Robbery,70,,read
maps/types_batch1248/27360_vandalism.png,Screen Shot 10-02-26 at 11.58 AM 022.PNG,27360,Vandalism,70,,read
maps/types_batch1248/27403_assault.png,Screen Shot 10-02-26 at 11.58 AM 023.PNG,27403,Assault,71,,read
maps/types_batch1248/27403_burglary.png,Screen Shot 10-02-26 at 11.58 AM 024.PNG,27403,Burglary,71,,read
maps/types_batch1248/27403_drug.png,Screen Shot 10-02-26 at 11.58 AM 025.PNG,27403,Drug-Related Crime,71,,read
maps/types_batch1248/27403_murder.png,Screen Shot 10-02-26 at 11.58 AM 026.PNG,27403,Murder,71,,read
maps/types_batch1248/27403_robbery.png,Screen Shot 10-02-26 at 11.59 AM.PNG,27403,Robbery,71,,read
maps/types_batch1248/27403_vandalism.png,Screen Shot 10-02-26 at 11.59 AM 001.PNG,27403,Vandalism,71,,read
maps/types_batch1248/27407_assault.png,Screen Shot 10-02-26 at 11.59 AM 002.PNG,27407,Assault,72,,read
maps/types_batch1248/27407_burglary.png,Screen Shot 10-02-26 at 11.59 AM 003.PNG,27407,Burglary,,,dropped: the map did not load (blank grey); Burglary needs a re-shoot
maps/types_batch1248/27407_drug.png,Screen Shot 10-02-26 at 11.59 AM 004.PNG,27407,Drug-Related Crime,72,,read
maps/types_batch1248/27407_murder.png,Screen Shot 10-02-26 at 11.59 AM 005.PNG,27407,Murder,72,,read
maps/types_batch1248/27407_robbery.png,Screen Shot 10-02-26 at 11.59 AM 006.PNG,27407,Robbery,72,,read
maps/types_batch1248/27407_vandalism.png,Screen Shot 10-02-26 at 11.59 AM 007.PNG,27407,Vandalism,72,,read
maps/types_batch1248/27529_assault.png,Screen Shot 10-02-26 at 11.59 AM 008.PNG,27529,Assault,74,,read
maps/types_batch1248/27529_burglary.png,Screen Shot 10-02-26 at 11.59 AM 009.PNG,27529,Burglary,75,,read
maps/types_batch1248/27529_drug.png,Screen Shot 10-02-26 at 11.59 AM 010.PNG,27529,Drug-Related Crime,75,,read
maps/types_batch1248/27529_murder.png,Screen Shot 10-02-26 at 11.59 AM 011.PNG,27529,Murder,75,,read
maps/types_batch1248/27529_robbery.png,Screen Shot 10-02-26 at 11.59 AM 012.PNG,27529,Robbery,75,,read
maps/types_batch1248/27529_vandalism.png,Screen Shot 10-02-26 at 11.59 AM 013.PNG,27529,Vandalism,75,,read
maps/types_batch1248/27530_assault.png,Screen Shot 10-02-26 at 11.59 AM 014.PNG,27530,Assault,76,,read
maps/types_batch1248/27530_burglary.png,Screen Shot 10-02-26 at 11.59 AM 015.PNG,27530,Burglary,76,,read
maps/types_batch1248/27530_drug.png,Screen Shot 10-02-26 at 11.59 AM 016.PNG,27530,Drug-Related Crime,76,,read
maps/types_batch1248/27530_murder.png,Screen Shot 10-02-26 at 11.59 AM 017.PNG,27530,Murder,76,,read
maps/types_batch1248/27530_robbery.png,Screen Shot 10-02-26 at 11.59 AM 018.PNG,27530,Robbery,76,,read
maps/types_batch1248/27530_vandalism.png,Screen Shot 10-02-26 at 11.59 AM 019.PNG,27530,Vandalism,76,,read
maps/types_batch1248/27576_assault.png,Screen Shot 10-02-26 at 11.59 AM 020.PNG,27576,Assault,77,,read
maps/types_batch1248/27576_assault_2.png,Screen Shot 10-02-26 at 11.59 AM 021.PNG,27576,Assault,78,,read
maps/types_batch1248/27576_burglary.png,Screen Shot 10-02-26 at 11.59 AM 022.PNG,27576,Burglary,78,,read
maps/types_batch1248/27576_drug.png,Screen Shot 10-02-26 at 11.59 AM 023.PNG,27576,Drug-Related Crime,78,,read
maps/types_batch1248/27576_murder.png,Screen Shot 10-02-26 at 11.59 AM 024.PNG,27576,Murder,78,,read
maps/types_batch1248/27576_robbery.png,Screen Shot 10-02-26 at 11.59 AM 025.PNG,27576,Robbery,78,,read
maps/types_batch1248/27576_vandalism.png,Screen Shot 10-02-26 at 11.59 AM 026.PNG,27576,Vandalism,78,,read
maps/types_batch1248/27701_assault.png,Screen Shot 10-02-26 at 11.59 AM 027.PNG,27701,Assault,79,,read
maps/types_batch1248/27701_burglary.png,Screen Shot 10-02-26 at 12.00 PM.PNG,27701,Burglary,79,,read
maps/types_batch1248/27701_drug.png,Screen Shot 10-02-26 at 12.00 PM 001.PNG,27701,Drug-Related Crime,79,,read
maps/types_batch1248/27701_murder.png,Screen Shot 10-02-26 at 12.00 PM 002.PNG,27701,Murder,79,,read
maps/types_batch1248/27701_robbery.png,Screen Shot 10-02-26 at 12.00 PM 003.PNG,27701,Robbery,80,,read
maps/types_batch1248/27701_vandalism.png,Screen Shot 10-02-26 at 12.00 PM 004.PNG,27701,Vandalism,79,,read
maps/types_batch1248/27704_assault.png,Screen Shot 10-02-26 at 12.00 PM 005.PNG,27704,Assault,81,,read
maps/types_batch1248/27704_burglary.png,Screen Shot 10-02-26 at 12.00 PM 006.PNG,27704,Burglary,81,,read
maps/types_batch1248/unknown_none_selected.png,Screen Shot 10-02-26 at 09.32 AM 001.PNG,unknown,none selected,,,dropped: no crime tab selected (page still loading or covered)
maps/types_batch1248/unknown_none_selected_2.png,Screen Shot 10-02-26 at 09.32 AM.PNG,unknown,none selected,,,dropped: no crime tab selected (page still loading or covered)
