image,screenshot,zip_page,crime,view,type_inferred
maps/types_sample/13760_arson.png,Screen Shot 09-30-26 at 12.28 AM 003.PNG,13760,Arson,22,
maps/types_sample/13760_assault.png,Screen Shot 09-30-26 at 12.28 AM 001.PNG,13760,Assault,22,
maps/types_sample/13760_burglary.png,Screen Shot 09-30-26 at 12.29 AM 003.PNG,13760,Burglary,22,
maps/types_sample/13760_drug.png,Screen Shot 09-30-26 at 12.28 AM 002.PNG,13760,Drug-Related Crime,22,
maps/types_sample/13760_murder.png,Screen Shot 09-30-26 at 12.29 AM 001.PNG,13760,Murder,22,
maps/types_sample/13760_robbery.png,Screen Shot 09-30-26 at 12.28 AM.PNG,13760,Robbery,22,
maps/types_sample/13760_theft.png,Screen Shot 09-30-26 at 12.29 AM 004.PNG,13760,Theft,22,
maps/types_sample/13760_vandalism.png,Screen Shot 09-30-26 at 12.29 AM.PNG,13760,Vandalism,22,
maps/types_sample/13760_vehicle_theft.png,Screen Shot 09-30-26 at 12.29 AM 002.PNG,13760,Vehicle Theft,22,
maps/types_sample/13790_arson.png,Screen Shot 09-30-26 at 12.30 AM 003.PNG,13790,Arson,23,
maps/types_sample/13790_assault.png,Screen Shot 09-30-26 at 12.30 AM 001.PNG,13790,Assault,23,
maps/types_sample/13790_burglary.png,Screen Shot 09-30-26 at 12.30 AM 007.PNG,13790,Burglary,23,
maps/types_sample/13790_drug.png,Screen Shot 09-30-26 at 12.30 AM 002.PNG,13790,Drug-Related Crime,23,
maps/types_sample/13790_murder.png,Screen Shot 09-30-26 at 12.30 AM 005.PNG,13790,Murder,23,
maps/types_sample/13790_robbery.png,Screen Shot 09-30-26 at 12.30 AM.PNG,13790,Robbery,23,
maps/types_sample/13790_theft.png,Screen Shot 09-30-26 at 12.30 AM 008.PNG,13790,Theft,23,
maps/types_sample/13790_vandalism.png,Screen Shot 09-30-26 at 12.30 AM 004.PNG,13790,Vandalism,23,
maps/types_sample/13790_vehicle_theft.png,Screen Shot 09-30-26 at 12.30 AM 006.PNG,13790,Vehicle Theft,23,
maps/types_sample/13901_arson.png,Screen Shot 09-30-26 at 12.30 AM 012.PNG,13901,Arson,24,
maps/types_sample/13901_assault.png,Screen Shot 09-30-26 at 12.30 AM 010.PNG,13901,Assault,24,
maps/types_sample/13901_burglary.png,Screen Shot 09-30-26 at 12.31 AM 002.PNG,13901,Burglary,24,
maps/types_sample/13901_drug.png,Screen Shot 09-30-26 at 12.30 AM 011.PNG,13901,Drug-Related Crime,24,
maps/types_sample/13901_murder.png,Screen Shot 09-30-26 at 12.31 AM.PNG,13901,Murder,24,
maps/types_sample/13901_robbery.png,Screen Shot 09-30-26 at 12.30 AM 009.PNG,13901,Robbery,24,
maps/types_sample/13901_theft.png,Screen Shot 09-30-26 at 12.31 AM 003.PNG,13901,Theft,24,
maps/types_sample/13901_vandalism.png,Screen Shot 09-30-26 at 12.30 AM 013.PNG,13901,Vandalism,24,
maps/types_sample/13901_vehicle_theft.png,Screen Shot 09-30-26 at 12.31 AM 001.PNG,13901,Vehicle Theft,24,
maps/types_sample/13903_arson.png,Screen Shot 09-30-26 at 12.31 AM 007.PNG,13903,Arson,25,
maps/types_sample/13903_assault.png,Screen Shot 09-30-26 at 12.31 AM 005.PNG,13903,Assault,25,
maps/types_sample/13903_burglary.png,Screen Shot 09-30-26 at 12.32 AM 003.PNG,13903,Burglary,25,
maps/types_sample/13903_drug.png,Screen Shot 09-30-26 at 12.31 AM 006.PNG,13903,Drug-Related Crime,25,
maps/types_sample/13903_murder.png,Screen Shot 09-30-26 at 12.32 AM 001.PNG,13903,Murder,25,
maps/types_sample/13903_robbery.png,Screen Shot 09-30-26 at 12.31 AM 004.PNG,13903,Robbery,25,
maps/types_sample/13903_theft.png,Screen Shot 09-30-26 at 12.32 AM 004.PNG,13903,Theft,25,
maps/types_sample/13903_vandalism.png,Screen Shot 09-30-26 at 12.32 AM.PNG,13903,Vandalism,25,
maps/types_sample/13903_vehicle_theft.png,Screen Shot 09-30-26 at 12.32 AM 002.PNG,13903,Vehicle Theft,25,
maps/types_sample/13904_arson.png,Screen Shot 09-30-26 at 12.33 AM.PNG,13904,Arson,26,
maps/types_sample/13904_assault.png,Screen Shot 09-30-26 at 12.32 AM 006.PNG,13904,Assault,26,
maps/types_sample/13904_burglary.png,Screen Shot 09-30-26 at 12.33 AM 004.PNG,13904,Burglary,26,
maps/types_sample/13904_drug.png,Screen Shot 09-30-26 at 12.32 AM 007.PNG,13904,Drug-Related Crime,26,
maps/types_sample/13904_murder.png,Screen Shot 09-30-26 at 12.33 AM 002.PNG,13904,Murder,26,
maps/types_sample/13904_robbery.png,Screen Shot 09-30-26 at 12.32 AM 005.PNG,13904,Robbery,26,
maps/types_sample/13904_theft.png,Screen Shot 09-30-26 at 12.33 AM 005.PNG,13904,Theft,26,
maps/types_sample/13904_vandalism.png,Screen Shot 09-30-26 at 12.33 AM 001.PNG,13904,Vandalism,26,
maps/types_sample/13904_vehicle_theft.png,Screen Shot 09-30-26 at 12.33 AM 003.PNG,13904,Vehicle Theft,26,
maps/types_sample/13905_arson.png,Screen Shot 09-30-26 at 01.29 AM 001.PNG,13905,Arson,0,
maps/types_sample/13905_assault.png,Screen Shot 09-30-26 at 01.28 AM 001.PNG,13905,Assault,0,
maps/types_sample/13905_burglary.png,Screen Shot 09-30-26 at 01.29 AM 005.PNG,13905,Burglary,0,
maps/types_sample/13905_drug.png,Screen Shot 09-30-26 at 01.29 AM.PNG,13905,Drug-Related Crime,0,
maps/types_sample/13905_murder.png,Screen Shot 09-30-26 at 01.29 AM 003.PNG,13905,Murder,0,
maps/types_sample/13905_robbery.png,Screen Shot 09-30-26 at 01.28 AM.PNG,13905,Robbery,0,
maps/types_sample/13905_theft.png,Screen Shot 09-30-26 at 01.29 AM 006.PNG,13905,Theft,0,
maps/types_sample/13905_vandalism.png,Screen Shot 09-30-26 at 01.29 AM 002.PNG,13905,Vandalism,0,
maps/types_sample/13905_vehicle_theft.png,Screen Shot 09-30-26 at 01.29 AM 004.PNG,13905,Vehicle Theft,0,
maps/types_sample/14830_arson.png,Screen Shot 09-30-26 at 01.29 AM 010.PNG,14830,Arson,1,
maps/types_sample/14830_assault.png,Screen Shot 09-30-26 at 01.29 AM 008.PNG,14830,Assault,1,
maps/types_sample/14830_burglary.png,Screen Shot 09-30-26 at 01.30 AM 003.PNG,14830,Burglary,2,
maps/types_sample/14830_drug.png,Screen Shot 09-30-26 at 01.29 AM 009.PNG,14830,Drug-Related Crime,1,yes
maps/types_sample/14830_murder.png,Screen Shot 09-30-26 at 01.30 AM 001.PNG,14830,Murder,1,
maps/types_sample/14830_robbery.png,Screen Shot 09-30-26 at 01.29 AM 007.PNG,14830,Robbery,1,
maps/types_sample/14830_theft.png,Screen Shot 09-30-26 at 01.30 AM 004.PNG,14830,Theft,2,
maps/types_sample/14830_vandalism.png,Screen Shot 09-30-26 at 01.30 AM.PNG,14830,Vandalism,1,
maps/types_sample/14830_vehicle_theft.png,Screen Shot 09-30-26 at 01.30 AM 002.PNG,14830,Vehicle Theft,1,
maps/types_sample/14892_arson.png,Screen Shot 09-30-26 at 01.32 AM 001.PNG,14892,Arson,3,
maps/types_sample/14892_assault.png,Screen Shot 09-30-26 at 01.31 AM 001.PNG,14892,Assault,3,
maps/types_sample/14892_burglary.png,Screen Shot 09-30-26 at 01.32 AM 005.PNG,14892,Burglary,3,
maps/types_sample/14892_drug.png,Screen Shot 09-30-26 at 01.32 AM.PNG,14892,Drug-Related Crime,3,
maps/types_sample/14892_murder.png,Screen Shot 09-30-26 at 01.32 AM 003.PNG,14892,Murder,3,
maps/types_sample/14892_robbery.png,Screen Shot 09-30-26 at 01.31 AM.PNG,14892,Robbery,3,
maps/types_sample/14892_theft.png,Screen Shot 09-30-26 at 01.32 AM 006.PNG,14892,Theft,3,
maps/types_sample/14892_vandalism.png,Screen Shot 09-30-26 at 01.32 AM 002.PNG,14892,Vandalism,3,
maps/types_sample/14892_vehicle_theft.png,Screen Shot 09-30-26 at 01.32 AM 004.PNG,14892,Vehicle Theft,4,
maps/types_sample/14901_arson.png,Screen Shot 09-30-26 at 01.32 AM 010.PNG,14901,Arson,5,
maps/types_sample/14901_assault.png,Screen Shot 09-30-26 at 01.32 AM 008.PNG,14901,Assault,5,yes
maps/types_sample/14901_burglary.png,Screen Shot 09-30-26 at 01.33 AM 002.PNG,14901,Burglary,5,
maps/types_sample/14901_drug.png,Screen Shot 09-30-26 at 01.32 AM 009.PNG,14901,Drug-Related Crime,5,
maps/types_sample/14901_murder.png,Screen Shot 09-30-26 at 01.33 AM.PNG,14901,Murder,5,
maps/types_sample/14901_robbery.png,Screen Shot 09-30-26 at 01.32 AM 007.PNG,14901,Robbery,5,
maps/types_sample/14901_theft.png,Screen Shot 09-30-26 at 01.33 AM 003.PNG,14901,Theft,5,
maps/types_sample/14901_vandalism.png,Screen Shot 09-30-26 at 01.32 AM 011.PNG,14901,Vandalism,5,
maps/types_sample/14901_vehicle_theft.png,Screen Shot 09-30-26 at 01.33 AM 001.PNG,14901,Vehicle Theft,5,
maps/types_sample/15906_arson.png,Screen Shot 09-30-26 at 02.16 AM 003.PNG,15906,Arson,13,
maps/types_sample/15906_assault.png,Screen Shot 09-30-26 at 02.16 AM 001.PNG,15906,Assault,13,
maps/types_sample/15906_burglary.png,Screen Shot 09-30-26 at 02.17 AM 001.PNG,15906,Burglary,13,
maps/types_sample/15906_drug.png,Screen Shot 09-30-26 at 02.16 AM 002.PNG,15906,Drug-Related Crime,13,
maps/types_sample/15906_murder.png,Screen Shot 09-30-26 at 02.17 AM.PNG,15906,Murder,13,
maps/types_sample/15906_robbery.png,Screen Shot 09-30-26 at 02.16 AM.PNG,15906,Robbery,13,
maps/types_sample/15906_theft.png,Screen Shot 09-30-26 at 02.17 AM 002.PNG,15906,Theft,13,
maps/types_sample/15906_vandalism.png,Screen Shot 09-30-26 at 02.16 AM 004.PNG,15906,Vandalism,13,
maps/types_sample/19131_arson.png,Screen Shot 09-30-26 at 02.23 AM 003.PNG,19131,Arson,16,
maps/types_sample/19131_assault.png,Screen Shot 09-30-26 at 02.23 AM 001.PNG,19131,Assault,16,
maps/types_sample/19131_burglary.png,Screen Shot 09-30-26 at 02.24 AM 003.PNG,19131,Burglary,17,
maps/types_sample/19131_drug.png,Screen Shot 09-30-26 at 02.23 AM 002.PNG,19131,Drug-Related Crime,16,
maps/types_sample/19131_murder.png,Screen Shot 09-30-26 at 02.24 AM 001.PNG,19131,Murder,16,
maps/types_sample/19131_robbery.png,Screen Shot 09-30-26 at 02.23 AM.PNG,19131,Robbery,16,
maps/types_sample/19131_theft.png,Screen Shot 09-30-26 at 02.24 AM 004.PNG,19131,Theft,17,
maps/types_sample/19131_vandalism.png,Screen Shot 09-30-26 at 02.24 AM.PNG,19131,Vandalism,16,
maps/types_sample/19131_vehicle_theft.png,Screen Shot 09-30-26 at 02.24 AM 002.PNG,19131,Vehicle Theft,16,
maps/types_sample/19139_arson.png,Screen Shot 09-30-26 at 02.25 AM 003.PNG,19139,Arson,18,
maps/types_sample/19139_assault.png,Screen Shot 09-30-26 at 02.25 AM 001.PNG,19139,Assault,18,
maps/types_sample/19139_burglary.png,Screen Shot 09-30-26 at 02.25 AM 007.PNG,19139,Burglary,19,
maps/types_sample/19139_drug.png,Screen Shot 09-30-26 at 02.25 AM 002.PNG,19139,Drug-Related Crime,18,
maps/types_sample/19139_murder.png,Screen Shot 09-30-26 at 02.25 AM 005.PNG,19139,Murder,19,
maps/types_sample/19139_robbery.png,Screen Shot 09-30-26 at 02.25 AM.PNG,19139,Robbery,18,
maps/types_sample/19139_theft.png,Screen Shot 09-30-26 at 02.25 AM 008.PNG,19139,Theft,19,
maps/types_sample/19139_vandalism.png,Screen Shot 09-30-26 at 02.25 AM 004.PNG,19139,Vandalism,18,
maps/types_sample/19139_vehicle_theft.png,Screen Shot 09-30-26 at 02.25 AM 006.PNG,19139,Vehicle Theft,19,
maps/types_sample/23805_arson.png,Screen Shot 09-30-26 at 01.51 AM 003.PNG,23805,Arson,10,
maps/types_sample/23805_assault.png,Screen Shot 09-30-26 at 01.51 AM 001.PNG,23805,Assault,10,
maps/types_sample/23805_burglary.png,Screen Shot 09-30-26 at 01.51 AM 007.PNG,23805,Burglary,10,
maps/types_sample/23805_drug.png,Screen Shot 09-30-26 at 01.51 AM 002.PNG,23805,Drug-Related Crime,10,
maps/types_sample/23805_murder.png,Screen Shot 09-30-26 at 01.51 AM 005.PNG,23805,Murder,10,
maps/types_sample/23805_robbery.png,Screen Shot 09-30-26 at 01.51 AM.PNG,23805,Robbery,10,
maps/types_sample/23805_theft.png,Screen Shot 09-30-26 at 01.51 AM 008.PNG,23805,Theft,10,
maps/types_sample/23805_vandalism.png,Screen Shot 09-30-26 at 01.51 AM 004.PNG,23805,Vandalism,10,
maps/types_sample/23805_vehicle_theft.png,Screen Shot 09-30-26 at 01.51 AM 006.PNG,23805,Vehicle Theft,10,
maps/types_sample/24012_arson.png,Screen Shot 09-30-26 at 01.37 AM.PNG,24012,Arson,7,
maps/types_sample/24012_assault.png,Screen Shot 09-30-26 at 01.36 AM 001.PNG,24012,Assault,7,
maps/types_sample/24012_burglary.png,Screen Shot 09-30-26 at 01.37 AM 004.PNG,24012,Burglary,7,
maps/types_sample/24012_drug.png,Screen Shot 09-30-26 at 01.36 AM 002.PNG,24012,Drug-Related Crime,7,
maps/types_sample/24012_murder.png,Screen Shot 09-30-26 at 01.37 AM 002.PNG,24012,Murder,7,
maps/types_sample/24012_robbery.png,Screen Shot 09-30-26 at 01.36 AM.PNG,24012,Robbery,7,
maps/types_sample/24012_theft.png,Screen Shot 09-30-26 at 01.37 AM 005.PNG,24012,Theft,7,
maps/types_sample/24012_vandalism.png,Screen Shot 09-30-26 at 01.37 AM 001.PNG,24012,Vandalism,7,
maps/types_sample/24012_vehicle_theft.png,Screen Shot 09-30-26 at 01.37 AM 003.PNG,24012,Vehicle Theft,7,
maps/types_sample/24013_arson.png,Screen Shot 09-30-26 at 01.50 AM 001.PNG,24013,Arson,9,
maps/types_sample/24013_assault.png,Screen Shot 09-30-26 at 01.49 AM 001.PNG,24013,Assault,9,
maps/types_sample/24013_burglary.png,Screen Shot 09-30-26 at 01.50 AM 005.PNG,24013,Burglary,9,
maps/types_sample/24013_drug.png,Screen Shot 09-30-26 at 01.50 AM.PNG,24013,Drug-Related Crime,9,
maps/types_sample/24013_murder.png,Screen Shot 09-30-26 at 01.50 AM 003.PNG,24013,Murder,9,
maps/types_sample/24013_robbery.png,Screen Shot 09-30-26 at 01.49 AM.PNG,24013,Robbery,9,
maps/types_sample/24013_theft.png,Screen Shot 09-30-26 at 01.50 AM 006.PNG,24013,Theft,9,
maps/types_sample/24013_vandalism.png,Screen Shot 09-30-26 at 01.50 AM 002.PNG,24013,Vandalism,9,
maps/types_sample/24013_vehicle_theft.png,Screen Shot 09-30-26 at 01.50 AM 004.PNG,24013,Vehicle Theft,9,
maps/types_sample/27703_arson.png,Screen Shot 09-30-26 at 01.35 AM 003.PNG,27703,Arson,6,
maps/types_sample/27703_assault.png,Screen Shot 09-30-26 at 01.35 AM 001.PNG,27703,Assault,6,
maps/types_sample/27703_burglary.png,Screen Shot 09-30-26 at 01.35 AM 007.PNG,27703,Burglary,6,
maps/types_sample/27703_drug.png,Screen Shot 09-30-26 at 01.35 AM 002.PNG,27703,Drug-Related Crime,6,
maps/types_sample/27703_murder.png,Screen Shot 09-30-26 at 01.35 AM 005.PNG,27703,Murder,6,
maps/types_sample/27703_robbery.png,Screen Shot 09-30-26 at 01.35 AM.PNG,27703,Robbery,6,
maps/types_sample/27703_theft.png,Screen Shot 09-30-26 at 01.35 AM 008.PNG,27703,Theft,6,
maps/types_sample/27703_vandalism.png,Screen Shot 09-30-26 at 01.35 AM 004.PNG,27703,Vandalism,6,
maps/types_sample/27703_vehicle_theft.png,Screen Shot 09-30-26 at 01.35 AM 006.PNG,27703,Vehicle Theft,6,
maps/types_sample/27804_arson.png,Screen Shot 09-30-26 at 02.00 AM 003.PNG,27804,Arson,11,
maps/types_sample/27804_assault.png,Screen Shot 09-30-26 at 02.00 AM 001.PNG,27804,Assault,11,
maps/types_sample/27804_burglary.png,Screen Shot 09-30-26 at 02.00 AM 007.PNG,27804,Burglary,11,
maps/types_sample/27804_drug.png,Screen Shot 09-30-26 at 02.00 AM 002.PNG,27804,Drug-Related Crime,12,
maps/types_sample/27804_murder.png,Screen Shot 09-30-26 at 02.00 AM 005.PNG,27804,Murder,11,
maps/types_sample/27804_robbery.png,Screen Shot 09-30-26 at 02.00 AM.PNG,27804,Robbery,11,
maps/types_sample/27804_theft.png,Screen Shot 09-30-26 at 02.00 AM 008.PNG,27804,Theft,11,
maps/types_sample/27804_vandalism.png,Screen Shot 09-30-26 at 02.00 AM 004.PNG,27804,Vandalism,11,
maps/types_sample/27804_vehicle_theft.png,Screen Shot 09-30-26 at 02.00 AM 006.PNG,27804,Vehicle Theft,11,
maps/types_sample/28301_arson.png,Screen Shot 09-30-26 at 01.48 AM 003.PNG,28301,Arson,8,
maps/types_sample/28301_assault.png,Screen Shot 09-30-26 at 01.48 AM 001.PNG,28301,Assault,8,
maps/types_sample/28301_burglary.png,Screen Shot 09-30-26 at 01.48 AM 007.PNG,28301,Burglary,8,
maps/types_sample/28301_drug.png,Screen Shot 09-30-26 at 01.48 AM 002.PNG,28301,Drug-Related Crime,8,
maps/types_sample/28301_murder.png,Screen Shot 09-30-26 at 01.48 AM 005.PNG,28301,Murder,8,
maps/types_sample/28301_robbery.png,Screen Shot 09-30-26 at 01.48 AM.PNG,28301,Robbery,8,
maps/types_sample/28301_theft.png,Screen Shot 09-30-26 at 01.48 AM 008.PNG,28301,Theft,8,
maps/types_sample/28301_vandalism.png,Screen Shot 09-30-26 at 01.48 AM 004.PNG,28301,Vandalism,8,
maps/types_sample/28301_vehicle_theft.png,Screen Shot 09-30-26 at 01.48 AM 006.PNG,28301,Vehicle Theft,8,
maps/types_sample/43935_arson.png,Screen Shot 09-30-26 at 02.27 AM 003.PNG,43935,Arson,21,
maps/types_sample/43935_assault.png,Screen Shot 09-30-26 at 02.27 AM 001.PNG,43935,Assault,21,
maps/types_sample/43935_burglary.png,Screen Shot 09-30-26 at 02.27 AM 007.PNG,43935,Burglary,21,
maps/types_sample/43935_drug.png,Screen Shot 09-30-26 at 02.27 AM 002.PNG,43935,Drug-Related Crime,21,
maps/types_sample/43935_murder.png,Screen Shot 09-30-26 at 02.27 AM 005.PNG,43935,Murder,21,
maps/types_sample/43935_robbery.png,Screen Shot 09-30-26 at 02.27 AM.PNG,43935,Robbery,21,
maps/types_sample/43935_theft.png,Screen Shot 09-30-26 at 02.27 AM 008.PNG,43935,Theft,21,
maps/types_sample/43935_vandalism.png,Screen Shot 09-30-26 at 02.27 AM 004.PNG,43935,Vandalism,21,
maps/types_sample/43935_vehicle_theft.png,Screen Shot 09-30-26 at 02.27 AM 006.PNG,43935,Vehicle Theft,21,
maps/types_sample/44104_arson.png,Screen Shot 09-30-26 at 02.26 AM 003.PNG,44104,Arson,20,
maps/types_sample/44104_assault.png,Screen Shot 09-30-26 at 02.26 AM 001.PNG,44104,Assault,20,
maps/types_sample/44104_burglary.png,Screen Shot 09-30-26 at 02.26 AM 007.PNG,44104,Burglary,20,
maps/types_sample/44104_drug.png,Screen Shot 09-30-26 at 02.26 AM 002.PNG,44104,Drug-Related Crime,20,
maps/types_sample/44104_murder.png,Screen Shot 09-30-26 at 02.26 AM 005.PNG,44104,Murder,20,
maps/types_sample/44104_robbery.png,Screen Shot 09-30-26 at 02.26 AM.PNG,44104,Robbery,20,
maps/types_sample/44104_theft.png,Screen Shot 09-30-26 at 02.26 AM 008.PNG,44104,Theft,20,
maps/types_sample/44104_vandalism.png,Screen Shot 09-30-26 at 02.26 AM 004.PNG,44104,Vandalism,20,
maps/types_sample/44104_vehicle_theft.png,Screen Shot 09-30-26 at 02.26 AM 006.PNG,44104,Vehicle Theft,20,
maps/types_sample/44109_arson.png,Screen Shot 09-30-26 at 02.18 AM 003.PNG,44109,Arson,14,
maps/types_sample/44109_assault.png,Screen Shot 09-30-26 at 02.18 AM 001.PNG,44109,Assault,14,
maps/types_sample/44109_burglary.png,Screen Shot 09-30-26 at 02.18 AM 007.PNG,44109,Burglary,14,
maps/types_sample/44109_drug.png,Screen Shot 09-30-26 at 02.18 AM 002.PNG,44109,Drug-Related Crime,14,
maps/types_sample/44109_murder.png,Screen Shot 09-30-26 at 02.18 AM 005.PNG,44109,Murder,14,
maps/types_sample/44109_robbery.png,Screen Shot 09-30-26 at 02.18 AM.PNG,44109,Robbery,14,
maps/types_sample/44109_theft.png,Screen Shot 09-30-26 at 02.18 AM 008.PNG,44109,Theft,14,
maps/types_sample/44109_vandalism.png,Screen Shot 09-30-26 at 02.18 AM 004.PNG,44109,Vandalism,14,
maps/types_sample/44109_vehicle_theft.png,Screen Shot 09-30-26 at 02.18 AM 006.PNG,44109,Vehicle Theft,14,
maps/types_sample/44120_arson.png,Screen Shot 09-30-26 at 02.19 AM 003.PNG,44120,Arson,15,
maps/types_sample/44120_arson_2.png,Screen Shot 09-30-26 at 02.22 AM 003.PNG,44120,Arson,15,
maps/types_sample/44120_assault.png,Screen Shot 09-30-26 at 02.19 AM 001.PNG,44120,Assault,15,
maps/types_sample/44120_assault_2.png,Screen Shot 09-30-26 at 02.22 AM 001.PNG,44120,Assault,15,
maps/types_sample/44120_burglary.png,Screen Shot 09-30-26 at 02.20 AM 001.PNG,44120,Burglary,15,
maps/types_sample/44120_burglary_2.png,Screen Shot 09-30-26 at 02.22 AM 007.PNG,44120,Burglary,15,
maps/types_sample/44120_drug.png,Screen Shot 09-30-26 at 02.19 AM 002.PNG,44120,Drug-Related Crime,15,
maps/types_sample/44120_drug_2.png,Screen Shot 09-30-26 at 02.22 AM 002.PNG,44120,Drug-Related Crime,15,
maps/types_sample/44120_murder.png,Screen Shot 09-30-26 at 02.19 AM 005.PNG,44120,Murder,15,
maps/types_sample/44120_murder_2.png,Screen Shot 09-30-26 at 02.22 AM 005.PNG,44120,Murder,15,
maps/types_sample/44120_robbery.png,Screen Shot 09-30-26 at 02.19 AM.PNG,44120,Robbery,15,
maps/types_sample/44120_robbery_2.png,Screen Shot 09-30-26 at 02.22 AM.PNG,44120,Robbery,15,
maps/types_sample/44120_theft.png,Screen Shot 09-30-26 at 02.20 AM 002.PNG,44120,Theft,15,
maps/types_sample/44120_theft_2.png,Screen Shot 09-30-26 at 02.22 AM 008.PNG,44120,Theft,15,
maps/types_sample/44120_vandalism.png,Screen Shot 09-30-26 at 02.19 AM 004.PNG,44120,Vandalism,15,
maps/types_sample/44120_vandalism_2.png,Screen Shot 09-30-26 at 02.22 AM 004.PNG,44120,Vandalism,15,
maps/types_sample/44120_vehicle_theft.png,Screen Shot 09-30-26 at 02.20 AM.PNG,44120,Vehicle Theft,15,
maps/types_sample/44120_vehicle_theft_2.png,Screen Shot 09-30-26 at 02.22 AM 006.PNG,44120,Vehicle Theft,15,
