i,address,status,changed,score_before,score_after,coc_before,coc_after,dscr_before,dscr_after,event_before,event_after,why_before,why_after,crime_before,crime_after
w38,"426 Washington Ave, Huntington, WV 25701",ACTIVE (for sale),why,55.9,55.9,62.4,62.4,4.34,4.34,weekly sweep 2026-09-28 ENTRANT UNREVIEWED [pitt],weekly sweep 2026-09-28 ENTRANT UNREVIEWED [pitt],YELLOW -4; crime R .87 D- -2.0; drive 6.78h tier B -0.5; zip letter D+ retired 9/30,YELLOW -4; crime R .87 D- -2.0; drive 6.78h tier B -0.5,"R .87 D- / A .99 F / B .95 F / V .93 F; M F, D D (9/30)","R .87 D- / A .99 F / B .95 F / V .93 F; M F, D D (9/30)"
w37,"321-323 Slack St, Steubenville, OH 43952",ACTIVE (for sale),"event, score, coc_6.75, dscr, why",50.7,46.3,57.7,53.3,4.09,3.85,weekly sweep 2026-09-28 ENTRANT UNREVIEWED [pitt] | OUT (crime) applied 2026-10-04: Robbery F; across the street: no other block group within 15 m (the rule then needs none) (memo 69 section 4.4),weekly sweep 2026-09-28 OUT (crime) (was ENTRANT; re-scored 2026-10-04 on tract contract rent x 2) UNREVIEWED [pitt] | OUT (crime) applied 2026-10-04: Robbery F; across the street: no other block group within 15 m (the rule then needs none) (memo 69 section 4.4),YELLOW -4; drive 7.22h tier B -0.5; crime R .93 F -2.5; zip letter C- retired 9/30,YELLOW -4; crime R .93 F -2.5; drive 7.22h tier B -0.5,"R .93 F / A .86 D- / B .90 D- / V .81 D; M F, D B (9/30)","R .93 F / A .86 D- / B .90 D- / V .81 D; M F, D B (9/30)"
w40,"713 Mcmillen St, Johnstown, PA 15902",ACTIVE (for sale),why,32.0,32.0,37.5,37.5,3.01,3.01,weekly sweep 2026-09-28 ENTRANT UNREVIEWED [pitt],weekly sweep 2026-09-28 ENTRANT UNREVIEWED [pitt],YELLOW -4; drive 5.56h tier B -0.5; crime R .74 D+ -1.0; zip letter B- retired 9/30,YELLOW -4; crime R .74 D+ -1.0; drive 5.56h tier B -0.5,"R .74 D+ / A .90 D- / B .86 D- / V .60 C; M D, D B- (9/30)","R .74 D+ / A .90 D- / B .86 D- / V .60 C; M D, D B- (9/30)"
w39,"313-315 Village St, Johnstown, PA 15902",ACTIVE (for sale),why,29.2,29.2,35.1,35.1,2.88,2.88,weekly sweep 2026-09-28 ENTRANT UNREVIEWED [pitt],weekly sweep 2026-09-28 ENTRANT UNREVIEWED [pitt],YELLOW -4; drive 5.56h tier B -0.5; crime R .78 D -1.4; zip letter B- retired 9/30,YELLOW -4; crime R .78 D -1.4; drive 5.56h tier B -0.5,"R .78 D / A .80 D / B .95 F / V .34 B; M D+, D C- (9/30)","R .78 D / A .80 D / B .95 F / V .34 B; M D+, D C- (9/30)"
w43,"227 Munson Ave, Mc Kees Rocks, PA 15136",ACTIVE (for sale),why,28.4,28.4,36.1,36.1,2.93,2.93,weekly sweep 2026-09-28 ENTRANT UNREVIEWED [pitt],weekly sweep 2026-09-28 ENTRANT UNREVIEWED [pitt],YELLOW -4; drive 6.65h tier B -0.5; flood 9 -1; crime R .89 D- -2.2; zip letter C- retired 9/30,YELLOW -4; crime R .89 D- -2.2; drive 6.65h tier B -0.5; flood 9 -1,"R .89 D- / A .93 F / B .94 F / V .95 F; M D-, D F (9/30)","R .89 D- / A .93 F / B .94 F / V .95 F; M D-, D F (9/30)"
w114,"704 Baker St, Cumberland, MD 21502",ACTIVE (for sale),why,27.7,27.7,33.6,33.6,2.8,2.8,weekly sweep 2026-09-30 ENTRANT UNREVIEWED [pitt],weekly sweep 2026-09-30 ENTRANT UNREVIEWED [pitt],YELLOW -4; crime R .78 D -1.4; drive 4.65h tier A -0.5; [MD flag: Renters' Rights and Stabilization Act 2024]; zip letter D retired 9/30,YELLOW -4; crime R .78 D -1.4; drive 4.65h tier A -0.5; [MD flag: Renters' Rights and Stabilization Act 2024],"R .78 D / A .80 D / B .93 F / V .90 D-; M D+, D D- (9/30)","R .78 D / A .80 D / B .93 F / V .90 D-; M D+, D D- (9/30)"
w42,"822 Lamont St, Mc Kees Rocks, PA 15136",ACTIVE (for sale),why,26.3,26.3,32.5,32.5,2.74,2.74,weekly sweep 2026-09-28 ENTRANT UNREVIEWED [pitt],weekly sweep 2026-09-28 ENTRANT UNREVIEWED [pitt],YELLOW -4; drive 6.65h tier B -0.5; crime R .82 D -1.7; zip letter C- retired 9/30,YELLOW -4; crime R .82 D -1.7; drive 6.65h tier B -0.5,"R .82 D / A .86 D- / B .93 F / V .95 F; M D-, D C (9/30)","R .82 D / A .86 D- / B .93 F / V .95 F; M D-, D C (9/30)"
w46,"530/532 Woodside Ave, Cumberland, MD 21502",ACTIVE (for sale),why,25.4,25.4,30.6,30.6,2.64,2.64,weekly sweep 2026-09-28 ENTRANT UNREVIEWED [pitt],weekly sweep 2026-09-28 ENTRANT UNREVIEWED [pitt],YELLOW -4; crime R .69 D+ -0.7; drive 4.65h tier A -0.5; [MD flag: Renters' Rights and Stabilization Act 2024]; zip letter D retired 9/30,YELLOW -4; crime R .69 D+ -0.7; drive 4.65h tier A -0.5; [MD flag: Renters' Rights and Stabilization Act 2024],"R .69 D+ / A .77 D / B .90 D- / V .79 D; M C, D D (9/30)","R .69 D+ / A .77 D / B .90 D- / V .79 D; M C, D D (9/30)"
w45,"509 Transverse Ave, Pittsburgh, PA 15210",ACTIVE (for sale),why,23.6,23.6,30.0,30.0,2.61,2.61,weekly sweep 2026-09-28 ENTRANT UNREVIEWED [pitt],weekly sweep 2026-09-28 ENTRANT UNREVIEWED [pitt],YELLOW -4; drive 6.6h tier B -0.5; crime R .86 D- -1.9; zip letter C- retired 9/30,YELLOW -4; crime R .86 D- -1.9; drive 6.6h tier B -0.5,"R .86 D- / A .82 D / B .98 F / V .84 D; M D-, D D- (9/30)","R .86 D- / A .82 D / B .98 F / V .84 D; M D-, D D- (9/30)"
w50,"806 Lynn St, Parkersburg, WV 26101",ACTIVE (for sale),why,21.8,21.8,26.3,26.3,2.41,2.41,weekly sweep 2026-09-28 ENTRANT UNREVIEWED [pitt],weekly sweep 2026-09-28 ENTRANT UNREVIEWED [pitt],YELLOW -4; drive 7.05h tier B -0.5; zip letter C- retired 9/30,YELLOW -4; crime R .52 C+ 0; drive 7.05h tier B -0.5,"R .52 C+ / A .93 F / B .87 D- / V .96 F; M D-, D D (9/30)","R .52 C+ / A .93 F / B .87 D- / V .96 F; M D-, D D (9/30)"
w56,"934 Ridge St, Mc Kees Rocks, PA 15136",ACTIVE (for sale),"score, coc_6.75, dscr, why",9.9,14.6,16.2,20.9,1.87,2.12,"weekly sweep 2026-09-28 ENTRANT UNREVIEWED [pitt] | price cut $89,900 -> $79,900 (2026-10-01; was: ACTIVE (for sale))","weekly sweep 2026-09-28 ENTRANT UNREVIEWED [pitt] | price cut $89,900 -> $79,900 (2026-10-01; was: ACTIVE (for sale))",YELLOW -4; drive 6.65h tier B -0.5; crime R .84 D -1.8; zip letter C- retired 9/30,YELLOW -4; crime R .84 D -1.8; drive 6.65h tier B -0.5,"R .84 D / A .90 D- / B .90 D- / V .89 D-; M D-, D C- (9/30)","R .84 D / A .90 D- / B .90 D- / V .89 D-; M D-, D C- (9/30)"
w116,"3536-3538 Orchard St, Weirton, WV 26062",ACTIVE (for sale),why,13.1,13.1,17.6,17.6,1.94,1.94,weekly sweep 2026-09-30 ENTRANT UNREVIEWED [pitt],weekly sweep 2026-09-30 ENTRANT UNREVIEWED [pitt],YELLOW -4; drive 7.25h tier B -0.5; crime R .36 B 0; zip letter B retired 9/30,YELLOW -4; crime R .36 B 0; drive 7.25h tier B -0.5,"R .36 B / A .83 D / B .74 D+ / V .79 D; M D-, D F (10/2)","R .36 B / A .83 D / B .74 D+ / V .79 D; M D-, D F (10/2)"
w54,"422 E Division St, New Castle, PA 16101",ACTIVE (for sale),why,13.0,13.0,19.3,19.3,2.03,2.03,weekly sweep 2026-09-28 ENTRANT UNREVIEWED [pitt],weekly sweep 2026-09-28 ENTRANT UNREVIEWED [pitt],YELLOW -4; drive 7.18h tier B -0.5; crime R .84 D -1.8; zip letter B retired 9/30,YELLOW -4; crime R .84 D -1.8; drive 7.18h tier B -0.5,"R .84 D / A .76 D+ / B .86 D- / V .69 D+; M D, D C+ (9/30)","R .84 D / A .76 D+ / B .86 D- / V .69 D+; M D, D C+ (9/30)"
w44,"1500 Grandview Ave, McKeesport, PA 15132",ACTIVE (for sale),"score, coc_6.75, dscr, why",15.3,12.7,22.3,19.7,2.19,2.06,weekly sweep 2026-09-28 ENTRANT UNREVIEWED [pitt],weekly sweep 2026-09-28 ENTRANT UNREVIEWED [pitt],YELLOW -4; crime R .93 F -2.5; drive 6.35h tier B -0.5; zip letter D retired 9/30,YELLOW -4; crime R .93 F -2.5; drive 6.35h tier B -0.5,"R .93 F / A .98 F / B .98 F / V .86 D-; M F, D D (9/30)","R .93 F / A .98 F / B .98 F / V .86 D-; M F, D D (9/30)"
w48,"604-606 Highland Ave, Johnstown, PA 15902",ACTIVE (for sale),why,12.4,12.4,18.3,18.3,1.98,1.98,weekly sweep 2026-09-28 ENTRANT UNREVIEWED [pitt],weekly sweep 2026-09-28 ENTRANT UNREVIEWED [pitt],YELLOW -4; drive 5.56h tier B -0.5; crime R .78 D -1.4; zip letter B- retired 9/30,YELLOW -4; crime R .78 D -1.4; drive 5.56h tier B -0.5,"R .78 D / A .80 D / B .95 F / V .34 B; M D+, D C- (9/30)","R .78 D / A .80 D / B .95 F / V .34 B; M D+, D C- (9/30)"
w41,"106-108 Messenger St, Johnstown, PA 15902",ACTIVE (for sale),why,10.8,10.8,17.1,17.1,1.91,1.91,weekly sweep 2026-09-28 ENTRANT UNREVIEWED [pitt],weekly sweep 2026-09-28 ENTRANT UNREVIEWED [pitt],YELLOW -4; drive 5.56h tier B -0.5; crime R .84 D -1.8; zip letter B- retired 9/30,YELLOW -4; crime R .84 D -1.8; drive 5.56h tier B -0.5,"R .84 D / A .90 D- / B .95 F / V .69 D+; M D+, D C (9/30)","R .84 D / A .90 D- / B .95 F / V .69 D+; M D+, D C (9/30)"
w55,"811 10th St, Mc Kees Rocks, PA 15136",ACTIVE (for sale),why,9.7,9.7,16.0,16.0,1.85,1.85,weekly sweep 2026-09-28 ENTRANT UNREVIEWED [pitt],weekly sweep 2026-09-28 ENTRANT UNREVIEWED [pitt],YELLOW -4; drive 6.65h tier B -0.5; crime R .84 D -1.8; zip letter C- retired 9/30,YELLOW -4; crime R .84 D -1.8; drive 6.65h tier B -0.5,"R .84 D / A .90 D- / B .90 D- / V .89 D-; M D-, D C- (9/30)","R .84 D / A .90 D- / B .90 D- / V .89 D-; M D-, D C- (9/30)"
w47,"509-511 Naylor Rd, Johnstown, PA 15906",ACTIVE (status unverified),why,9.7,9.7,10.2,10.2,1.54,1.54,weekly sweep 2026-09-28 ENTRANT UNREVIEWED [pitt],weekly sweep 2026-09-28 ENTRANT UNREVIEWED [pitt],drive 5.7h tier B -0.5; zip letter B- retired 9/30,crime R .12 A 0; drive 5.7h tier B -0.5,"R .12 A / A .40 B- / B .04 A+ / V .20 A-; M D+, D A (9/30)","R .12 A / A .40 B- / B .04 A+ / V .20 A-; M D+, D A (9/30)"
w49,"708 Lookout Ave, Charleroi, PA 15022",ACTIVE (for sale),why,9.6,9.6,14.5,14.5,1.78,1.78,weekly sweep 2026-09-28 ENTRANT UNREVIEWED [pitt],weekly sweep 2026-09-28 ENTRANT UNREVIEWED [pitt],YELLOW -4; drive 6.19h tier B -0.5; crime R .66 C- -0.4; zip letter C+ retired 9/30,YELLOW -4; crime R .66 C- -0.4; drive 6.19h tier B -0.5,"R .66 C- / A .78 D / B .74 D+ / V .31 B; M D+, D B- (9/30)","R .66 C- / A .78 D / B .74 D+ / V .31 B; M D+, D B- (9/30)"
w63,"11910 Chesterfield Ave, Cleveland, OH 44108",ACTIVE (for sale),"event, why",9.3,9.3,16.7,16.7,1.89,1.89,weekly sweep 2026-09-28 ENTRANT UNREVIEWED [ohio] | OUT (crime) applied 2026-10-04: Robbery F; across the street: no other block group within 15 m (the rule then needs none) (memo 69 section 4.4),weekly sweep 2026-09-28 OUT (crime) (was ENTRANT; re-scored 2026-10-04 on tract contract rent x 2) UNREVIEWED [ohio] | OUT (crime) applied 2026-10-04: Robbery F; across the street: no other block group within 15 m (the rule then needs none) (memo 69 section 4.4),YELLOW -4; crime R .98 F -2.9; drive 8.57h tier C -0.5; zip letter F retired 9/30,YELLOW -4; crime R .98 F -2.9; drive 8.57h tier C -0.5,"R .98 F / A .99 F / B .99 F / V .98 F; M F, D F (9/30)","R .98 F / A .99 F / B .99 F / V .98 F; M F, D F (9/30)"
w51,"1300 Latrobe St, Parkersburg, WV 26101",ACTIVE (for sale),why,8.7,8.7,13.2,13.2,1.71,1.71,weekly sweep 2026-09-28 ENTRANT UNREVIEWED [pitt],weekly sweep 2026-09-28 ENTRANT UNREVIEWED [pitt],YELLOW -4; drive 7.05h tier B -0.5; zip letter C- retired 9/30,YELLOW -4; crime R .28 B+ 0; drive 7.05h tier B -0.5,"R .28 B+ / A .85 D / B .71 D+ / V .95 F; M B-, D D+ (9/30)","R .28 B+ / A .85 D / B .71 D+ / V .95 F; M B-, D D+ (9/30)"
w83,"4902 Kershaw St, Philadelphia, PA 19131",ACTIVE (for sale),"event, score, coc_6.75, dscr, why",9.9,8.1,13.3,11.5,1.71,1.62,weekly sweep 2026-09-29 ENTRANT UNREVIEWED [phila] | OUT (crime) applied 2026-10-04: Robbery F; across the street: no other block group within 15 m (the rule then needs none) (memo 69 section 4.4),weekly sweep 2026-09-29 OUT (crime) (was ENTRANT; re-scored 2026-10-04 on tract contract rent x 2) UNREVIEWED [phila] | OUT (crime) applied 2026-10-04: Robbery F; across the street: no other block group within 15 m (the rule then needs none) (memo 69 section 4.4),"crime R .98 F -2.9; drive 5.22h tier A -0.5; [PA flag: Rental License, Certificate of Rental Suitability, lead-safe certification, Eviction Diversion 30-day wait]; zip letter D+ retired 9/30","crime R .98 F -2.9; drive 5.22h tier A -0.5; [PA flag: Rental License, Certificate of Rental Suitability, lead-safe certification, Eviction Diversion 30-day wait]","R .98 F / A .96 F / B .99 F / V .99 F; M F, D F (9/30)","R .98 F / A .96 F / B .99 F / V .99 F; M F, D F (9/30)"
w65,"3248 W 90th St, Cleveland, OH 44102",ACTIVE (for sale),"score, coc_6.75, dscr, why",5.5,8.0,12.2,14.7,1.65,1.79,weekly sweep 2026-09-28 ENTRANT UNREVIEWED [ohio],weekly sweep 2026-09-28 ENTRANT UNREVIEWED [ohio],YELLOW -4; crime R .90 D- -2.2; drive 8.5h tier C -0.5; zip letter F retired 9/30,YELLOW -4; crime R .90 D- -2.2; drive 8.5h tier C -0.5,"R .90 D- / A .80 D / B .90 D- / V .66 C-; M D-, D D- (9/30)","R .90 D- / A .80 D / B .90 D- / V .66 C-; M D-, D D- (9/30)"
w60,"1992 Starr Ave, Toledo, OH 43605",ACTIVE (for sale),"score, coc_6.75, dscr, why",10.0,7.6,17.0,14.6,1.91,1.78,weekly sweep 2026-09-28 ENTRANT UNREVIEWED [ohio],weekly sweep 2026-09-28 ENTRANT UNREVIEWED [ohio],YELLOW -4; crime R .93 F -2.5; drive 9.94h tier C -0.5; zip letter D- retired 9/30,YELLOW -4; crime R .93 F -2.5; drive 9.94h tier C -0.5,"R .93 F / A .74 D+ / B .85 D / V .89 D-; M D, D D+ (9/30)","R .93 F / A .74 D+ / B .85 D / V .89 D-; M D, D D+ (9/30)"
w57,"750 Quincy St, Parkersburg, WV 26101",ACTIVE (for sale),"score, coc_6.75, dscr, why",9.5,7.4,16.9,14.8,1.9,1.79,weekly sweep 2026-09-28 ENTRANT UNREVIEWED [pitt],weekly sweep 2026-09-28 ENTRANT UNREVIEWED [pitt],YELLOW -4; drive 7.05h tier B -0.5; crime R .99 F -2.9; zip letter C- retired 9/30,YELLOW -4; crime R .99 F -2.9; drive 7.05h tier B -0.5,"R .99 F / A .99 F / B .99 F / V .99 F; M F, D F (9/30)","R .99 F / A .99 F / B .99 F / V .99 F; M F, D F (9/30)"
w53,"731 Lincoln Ave, Charleroi, PA 15022",ACTIVE (for sale),why,7.4,7.4,13.3,13.3,1.71,1.71,weekly sweep 2026-09-28 ENTRANT UNREVIEWED [pitt],weekly sweep 2026-09-28 ENTRANT UNREVIEWED [pitt],YELLOW -4; drive 6.19h tier B -0.5; flood 5 -1; crime R .66 C- -0.4; zip letter C+ retired 9/30,YELLOW -4; crime R .66 C- -0.4; drive 6.19h tier B -0.5; flood 5 -1,"R .66 C- / A .78 D / B .74 D+ / V .31 B; M D+, D B- (9/30)","R .66 C- / A .78 D / B .74 D+ / V .31 B; M D+, D B- (9/30)"
w89,"1634-1636 Main St, Bloomsburg, PA 17815",ACTIVE (for sale),why,7.1,7.1,11.6,11.6,1.62,1.62,weekly sweep 2026-09-29 ENTRANT UNREVIEWED [phila],weekly sweep 2026-09-29 ENTRANT UNREVIEWED [phila],YELLOW -4; drive 6.32h tier B -0.5; zip letter B+ retired 9/30,YELLOW -4; crime R .42 B- 0; drive 6.32h tier B -0.5,"R .42 B- / A .42 B- / B .77 D / V .71 D+; M C-, D D (9/30)","R .42 B- / A .42 B- / B .77 D / V .71 D+; M C-, D D (9/30)"
w118,"3427 Clearfield St, Pittsburgh, PA 15204",ACTIVE (for sale),"score, coc_6.75, dscr, why",4.1,6.5,9.8,12.2,1.53,1.65,"weekly sweep 2026-09-30 ENTRANT UNREVIEWED [pitt] | price cut $150,000 -> $139,900 (2026-10-01; was: ACTIVE (for sale))","weekly sweep 2026-09-30 ENTRANT UNREVIEWED [pitt] | price cut $150,000 -> $139,900 (2026-10-01; was: ACTIVE (for sale))",YELLOW -4; drive 6.62h tier B -0.5; crime R .76 D+ -1.2; zip letter C- retired 9/30,YELLOW -4; crime R .76 D+ -1.2; drive 6.62h tier B -0.5,"R .76 D+ / A .87 D- / B .79 D / V .93 F; M D-, D D (10/2)","R .76 D+ / A .87 D- / B .79 D / V .93 F; M D-, D D (10/2)"
w66,"654 W Sylvania Ave, Toledo, OH 43612",ACTIVE (for sale),why,6.4,6.4,12.8,12.8,1.69,1.69,weekly sweep 2026-09-28 ENTRANT UNREVIEWED [ohio],weekly sweep 2026-09-28 ENTRANT UNREVIEWED [ohio],YELLOW -4; crime R .86 D- -1.9; drive 10.04h tier C -0.5; zip letter D- retired 9/30,YELLOW -4; crime R .86 D- -1.9; drive 10.04h tier C -0.5,"R .86 D- / A .57 C / B .90 D- / V .76 D+; M D, D D+ (9/30)","R .86 D- / A .57 C / B .90 D- / V .76 D+; M D, D D+ (9/30)"
w72,"3601 Memphis Ave, Cleveland, OH 44109",ACTIVE (status unverified),"event, why",6.1,6.1,9.3,9.3,1.5,1.5,weekly sweep 2026-09-28 ENTRANT UNREVIEWED [ohio] | OUT (crime) applied 2026-10-04: Robbery F; across the street: no other block group within 15 m (the rule then needs none) (memo 69 section 4.4),weekly sweep 2026-09-28 OUT (crime) (was ENTRANT; re-scored 2026-10-04 on tract contract rent x 2) UNREVIEWED [ohio] | OUT (crime) applied 2026-10-04: Robbery F; across the street: no other block group within 15 m (the rule then needs none) (memo 69 section 4.4),crime R .95 F -2.7; drive 8.44h tier C -0.5; zip letter F retired 9/30,crime R .95 F -2.7; drive 8.44h tier C -0.5,"R .95 F / A .76 D+ / B .93 F / V .80 D; M D, D D (9/30)","R .95 F / A .76 D+ / B .93 F / V .80 D; M D, D D (9/30)"
w138,"601 4th St, Charleroi, PA 15022",ACTIVE (for sale),why,6.0,6.0,10.9,10.9,1.58,1.58,weekly sweep 2026-09-30 ENTRANT UNREVIEWED [pitt],weekly sweep 2026-09-30 ENTRANT UNREVIEWED [pitt],YELLOW -4; drive 6.19h tier B -0.5; crime R .66 C- -0.4; zip letter C+ retired 9/30,YELLOW -4; crime R .66 C- -0.4; drive 6.19h tier B -0.5,"R .66 C- / A .78 D / B .90 D- / V .39 B-; M D, D A- (9/30)","R .66 C- / A .78 D / B .90 D- / V .39 B-; M D, D A- (9/30)"
w62,"1115 Lincoln Ave, Toledo, OH 43607",ACTIVE (for sale),"event, score, coc_6.75, dscr, why",0.0,5.8,7.2,13.0,1.38,1.69,"weekly sweep 2026-09-28 ENTRANT UNREVIEWED [ohio] | price cut $54,900 -> $45,000 (2026-10-01; was: ACTIVE (for sale)) | OUT (crime) applied 2026-10-04: Robbery F; across the street: no other block group within 15 m (the rule then needs none) (memo 69 section 4.4)","weekly sweep 2026-09-28 OUT (crime) (was ENTRANT; re-scored 2026-10-04 on tract contract rent x 2) UNREVIEWED [ohio] | price cut $54,900 -> $45,000 (2026-10-01; was: ACTIVE (for sale)) | OUT (crime) applied 2026-10-04: Robbery F; across the street: no other block group within 15 m (the rule then needs none) (memo 69 section 4.4)",YELLOW -4; crime R .95 F -2.7; drive 10.06h tier C -0.5; zip letter F retired 9/30,YELLOW -4; crime R .95 F -2.7; drive 10.06h tier C -0.5,"R .95 F / A .93 F / B .99 F / V .93 F; M F, D D- (9/30)","R .95 F / A .93 F / B .99 F / V .93 F; M F, D D- (9/30)"
w61,"1996 Starr Ave, Toledo, OH 43605",ACTIVE (for sale),"score, coc_6.75, dscr, why",7.4,5.2,14.4,12.2,1.77,1.65,weekly sweep 2026-09-28 ENTRANT UNREVIEWED [ohio],weekly sweep 2026-09-28 ENTRANT UNREVIEWED [ohio],YELLOW -4; crime R .93 F -2.5; drive 9.94h tier C -0.5; zip letter D- retired 9/30,YELLOW -4; crime R .93 F -2.5; drive 9.94h tier C -0.5,"R .93 F / A .74 D+ / B .85 D / V .89 D-; M D, D D+ (9/30)","R .93 F / A .74 D+ / B .85 D / V .89 D-; M D, D D+ (9/30)"
10,"556 Bellwood Rd Unit A, Newport News, VA 23601",ACTIVE (for sale),why,4.3,4.3,10.8,10.8,1.53,1.53,Listed 9/4,Listed 9/4,YELLOW -4; crime R .93 F -2.5; zip letter F retired 9/30,YELLOW -4; crime R .93 F -2.5; zip letter F retired 9/30; vacancy 8% at Robbery F not applied (round-era row),"R .93 F / A .96 F / B .57 C / V .86 D-; M F, D D (10/2)","R .93 F / A .96 F / B .57 C / V .86 D-; M F, D D (10/2)"
w115,"139-141 Front St, North Huntingdon, PA 15642",ACTIVE (for sale),why,3.5,3.5,8.0,8.0,1.43,1.43,weekly sweep 2026-09-30 ENTRANT UNREVIEWED [pitt],weekly sweep 2026-09-30 ENTRANT UNREVIEWED [pitt],YELLOW -4; drive 6.12h tier B -0.5; zip letter A retired 9/30,YELLOW -4; crime R .27 B+ 0; drive 6.12h tier B -0.5,"R .27 B+ / A .13 A / B .32 B / V .01 A+; M A+, D A (9/30)","R .27 B+ / A .13 A / B .32 B / V .01 A+; M A+, D A (9/30)"
w75,"1247 E 84th St, Cleveland, OH 44103",ACTIVE (for sale),"event, why",3.3,3.3,10.7,10.7,1.58,1.58,weekly sweep 2026-09-28 ENTRANT UNREVIEWED [ohio] | OUT (crime) applied 2026-10-04: Robbery F; across the street: no other block group within 15 m (the rule then needs none) (memo 69 section 4.4),weekly sweep 2026-09-28 OUT (crime) (was ENTRANT; re-scored 2026-10-04 on tract contract rent x 2) UNREVIEWED [ohio] | OUT (crime) applied 2026-10-04: Robbery F; across the street: no other block group within 15 m (the rule then needs none) (memo 69 section 4.4),YELLOW -4; crime R .99 F -2.9; drive 8.53h tier C -0.5; zip letter F retired 9/30,YELLOW -4; crime R .99 F -2.9; drive 8.53h tier C -0.5,"R .99 F / A .99 F / B .98 F / V .95 F; M F, D F (9/30)","R .99 F / A .99 F / B .98 F / V .95 F; M F, D F (9/30)"
w125,"341 31st St, Ashland, KY 41101",ACTIVE (for sale),why,2.3,2.3,8.3,8.3,1.44,1.44,weekly sweep 2026-09-30 ENTRANT UNREVIEWED [pitt],weekly sweep 2026-09-30 ENTRANT UNREVIEWED [pitt],YELLOW -4; drive 7.02h tier B -0.5; crime R .79 D -1.5; zip letter B- retired 9/30,YELLOW -4; crime R .79 D -1.5; drive 7.02h tier B -0.5,"R .79 D / A .20 A- / B .74 D+ / V .66 C-; M D+, D D+ (9/30)","R .79 D / A .20 A- / B .74 D+ / V .66 C-; M D+, D D+ (9/30)"
w121,"408-410 Pump Hill Pl, Mount Pleasant, PA 15666",ACTIVE (for sale),why,2.0,2.0,6.6,6.6,1.36,1.36,weekly sweep 2026-09-30 ENTRANT UNREVIEWED [pitt],weekly sweep 2026-09-30 ENTRANT UNREVIEWED [pitt],YELLOW -4; drive 5.97h tier B -0.5; crime R .61 C -0.1; zip letter A retired 9/30,YELLOW -4; crime R .61 C -0.1; drive 5.97h tier B -0.5,"R .61 C / A .39 B- / B .45 B- / V .35 B; M B-, D B (10/2)","R .61 C / A .39 B- / B .45 B- / V .35 B; M B-, D B (10/2)"
w74,"73 Pointview Ave, Dayton, OH 45405",ACTIVE (for sale),"score, coc_6.75, dscr, why",0.2,2.0,6.2,8.0,1.33,1.43,weekly sweep 2026-09-28 ENTRANT UNREVIEWED [ohio],weekly sweep 2026-09-28 ENTRANT UNREVIEWED [ohio],YELLOW -4; crime R .80 D -1.5; drive 9.2h tier C -0.5; zip letter F retired 9/30,YELLOW -4; crime R .80 D -1.5; drive 9.2h tier C -0.5,"R .80 D / A .77 D+ / B .87 D- / V .96 F; M F, D D (9/30)","R .80 D / A .77 D+ / B .87 D- / V .96 F; M F, D D (9/30)"
w130,"1735 Laketon Rd, Pittsburgh, PA 15221",ACTIVE (for sale),why,1.7,1.7,8.4,8.4,1.45,1.45,weekly sweep 2026-09-30 ENTRANT UNREVIEWED [pitt],weekly sweep 2026-09-30 ENTRANT UNREVIEWED [pitt],YELLOW -4; drive 6.38h tier B -0.5; crime R .90 D- -2.2; zip letter C- retired 9/30,YELLOW -4; crime R .90 D- -2.2; drive 6.38h tier B -0.5,"R .90 D- / A .93 F / B .90 D- / V .96 F; M D-, D D (9/30)","R .90 D- / A .93 F / B .90 D- / V .96 F; M D-, D D (9/30)"
w58,"1214 E Washington St, New Castle, PA 16101",ACTIVE (for sale),why,1.7,1.7,7.7,7.7,1.41,1.41,weekly sweep 2026-09-28 ENTRANT UNREVIEWED [pitt],weekly sweep 2026-09-28 ENTRANT UNREVIEWED [pitt],YELLOW -4; drive 7.18h tier B -0.5; crime R .80 D -1.5; zip letter B retired 9/30,YELLOW -4; crime R .80 D -1.5; drive 7.18h tier B -0.5,"R .80 D / A .80 D / B .93 F / V .57 C; M D, D B+ (9/30)","R .80 D / A .80 D / B .93 F / V .57 C; M D, D B+ (9/30)"
w78,"10001 Sophia Ave, Cleveland, OH 44104",ACTIVE (for sale),"event, why",1.6,1.6,9.0,9.0,1.48,1.48,"weekly sweep 2026-09-28 ENTRANT UNREVIEWED [ohio] | price cut $57,500 -> $49,995 (2026-09-30; was: ACTIVE (for sale)) | OUT (crime) applied 2026-10-04: Robbery F; across the street: no other block group within 15 m (the rule then needs none) (memo 69 section 4.4)","weekly sweep 2026-09-28 OUT (crime) (was ENTRANT; re-scored 2026-10-04 on tract contract rent x 2) UNREVIEWED [ohio] | price cut $57,500 -> $49,995 (2026-09-30; was: ACTIVE (for sale)) | OUT (crime) applied 2026-10-04: Robbery F; across the street: no other block group within 15 m (the rule then needs none) (memo 69 section 4.4)",YELLOW -4; crime R .99 F -2.9; drive 8.42h tier C -0.5; zip letter F retired 9/30,YELLOW -4; crime R .99 F -2.9; drive 8.42h tier C -0.5,"R .99 F / A .99 F / B .99 F / V .99 F; M F, D F (9/30)","R .99 F / A .99 F / B .99 F / V .99 F; M F, D F (9/30)"
w76,"14002 Idarose Ave, Cleveland, OH 44110",ACTIVE (for sale),"event, score, coc_6.75, dscr, why",-2.1,1.1,5.1,8.3,1.27,1.45,"weekly sweep 2026-09-28 ENTRANT UNREVIEWED [ohio] | price cut $105,000 -> $95,000 (2026-10-01; was: ACTIVE (for sale)) | OUT (crime) applied 2026-10-04: Robbery F; across the street: no other block group within 15 m (the rule then needs none) (memo 69 section 4.4)","weekly sweep 2026-09-28 OUT (crime) (was ENTRANT; re-scored 2026-10-04 on tract contract rent x 2) UNREVIEWED [ohio] | price cut $105,000 -> $95,000 (2026-10-01; was: ACTIVE (for sale)) | OUT (crime) applied 2026-10-04: Robbery F; across the street: no other block group within 15 m (the rule then needs none) (memo 69 section 4.4)",YELLOW -4; crime R .95 F -2.7; drive 8.6h tier C -0.5; zip letter F retired 9/30,YELLOW -4; crime R .95 F -2.7; drive 8.6h tier C -0.5,"R .95 F / A .96 F / B .93 F / V .93 F; M F, D F (9/30)","R .95 F / A .96 F / B .93 F / V .93 F; M F, D F (9/30)"
w84,"613 S 52nd St, Philadelphia, PA 19143",ACTIVE (for sale),"score, coc_6.75, dscr, why",2.3,0.9,9.3,7.9,1.5,1.42,weekly sweep 2026-09-29 ENTRANT UNREVIEWED [phila],weekly sweep 2026-09-29 ENTRANT UNREVIEWED [phila],"YELLOW -4; drive 5.1h tier A -0.5; [PA flag: Rental License, Certificate of Rental Suitability, lead-safe certification, Eviction Diversion 30-day wait]; crime R .93 F -2.5; zip letter C retired 9/30","YELLOW -4; crime R .93 F -2.5; drive 5.1h tier A -0.5; [PA flag: Rental License, Certificate of Rental Suitability, lead-safe certification, Eviction Diversion 30-day wait]","R .93 F / A .82 D / B .95 F / V .91 D-; M F, D F (9/30)","R .93 F / A .82 D / B .95 F / V .91 D-; M F, D F (9/30)"
w123,"316 Longfellow St, Vandergrift, PA 15690",ACTIVE (for sale),why,0.9,0.9,5.4,5.4,1.29,1.29,weekly sweep 2026-09-30 ENTRANT UNREVIEWED [pitt],weekly sweep 2026-09-30 ENTRANT UNREVIEWED [pitt],YELLOW -4; drive 6.58h tier B -0.5; zip letter A- retired 9/30,YELLOW -4; crime R .32 B 0; drive 6.58h tier B -0.5,"R .32 B / A .79 D / B .27 B+ / V .75 D+; M D+, D B (9/30)","R .32 B / A .79 D / B .27 B+ / V .75 D+; M D+, D B (9/30)"
w59,"214 Barron Ave, Johnstown, PA 15906",ACTIVE (status unverified),why,0.7,0.7,7.1,7.1,1.38,1.38,weekly sweep 2026-09-28 ENTRANT UNREVIEWED [pitt],weekly sweep 2026-09-28 ENTRANT UNREVIEWED [pitt],YELLOW -4; drive 5.7h tier B -0.5; crime R .86 D- -1.9; zip letter B- retired 9/30,YELLOW -4; crime R .86 D- -1.9; drive 5.7h tier B -0.5,"R .86 D- / A .80 D / B .94 F / V .81 D; M D, D B (9/30)","R .86 D- / A .80 D / B .94 F / V .81 D; M D, D B (9/30)"
w87,"4753 Rorer St, Philadelphia, PA 19120",ACTIVE (for sale),why,0.1,0.1,6.4,6.4,1.34,1.34,weekly sweep 2026-09-29 ENTRANT UNREVIEWED [phila],weekly sweep 2026-09-29 ENTRANT UNREVIEWED [phila],"YELLOW -4; drive 5.34h tier A -0.5; [PA flag: Rental License, Certificate of Rental Suitability, lead-safe certification, Eviction Diversion 30-day wait]; crime R .85 D -1.8; zip letter C+ retired 9/30","YELLOW -4; crime R .85 D -1.8; drive 5.34h tier A -0.5; [PA flag: Rental License, Certificate of Rental Suitability, lead-safe certification, Eviction Diversion 30-day wait]","R .85 D / A .76 D+ / B .31 B / V .64 C-; M D-, D F (9/30)","R .85 D / A .76 D+ / B .31 B / V .64 C-; M D-, D F (9/30)"
w119,"310 Broadway Ave, Mc Kees Rocks, PA 15136",ACTIVE (for sale),why,0.0,0.0,6.3,6.3,1.34,1.34,weekly sweep 2026-09-30 ENTRANT UNREVIEWED [pitt],weekly sweep 2026-09-30 ENTRANT UNREVIEWED [pitt],YELLOW -4; drive 6.65h tier B -0.5; crime R .84 D -1.8; zip letter C- retired 9/30,YELLOW -4; crime R .84 D -1.8; drive 6.65h tier B -0.5,"R .84 D / A .90 D- / B .81 D / V .96 F; M D-, D D (9/30)","R .84 D / A .90 D- / B .81 D / V .96 F; M D-, D D (9/30)"
w117,"788 S Irvine Ave, Sharon, PA 16146",ACTIVE (for sale),why,-0.1,-0.1,5.8,5.8,1.31,1.31,weekly sweep 2026-09-30 ENTRANT UNREVIEWED [pitt],weekly sweep 2026-09-30 ENTRANT UNREVIEWED [pitt],YELLOW -4; drive 7.51h tier B -0.5; crime R .78 D -1.4; zip letter B- retired 9/30,YELLOW -4; crime R .78 D -1.4; drive 7.51h tier B -0.5,"R .78 D / A .80 D / B .86 D- / V .76 D+; M D, D A- (9/30)","R .78 D / A .80 D / B .86 D- / V .76 D+; M D, D A- (9/30)"
w128,"117 W 11th Ave, Tarentum, PA 15084",ACTIVE (for sale),why,-0.1,-0.1,2.4,2.4,1.13,1.13,weekly sweep 2026-09-30 ENTRANT UNREVIEWED [pitt],weekly sweep 2026-09-30 ENTRANT UNREVIEWED [pitt],crime R .57 C 0; drive 6.61h tier B -0.5; DSCR 1.13 -2; zip letter D+ retired 9/30,crime R .57 C 0; drive 6.61h tier B -0.5; DSCR 1.13 -2,"R .57 C / A .79 D / B .80 D / V .32 B; M D+, D D (9/30)","R .57 C / A .79 D / B .80 D / V .32 B; M D+, D D (9/30)"
w85,"200 E Albanus St, Philadelphia, PA 19120",ACTIVE (for sale),why,-0.2,-0.2,5.5,5.5,1.29,1.29,weekly sweep 2026-09-29 ENTRANT UNREVIEWED [phila],weekly sweep 2026-09-29 ENTRANT UNREVIEWED [phila],"YELLOW -4; drive 5.34h tier A -0.5; [PA flag: Rental License, Certificate of Rental Suitability, lead-safe certification, Eviction Diversion 30-day wait]; crime R .76 D+ -1.2; zip letter C+ retired 9/30","YELLOW -4; crime R .76 D+ -1.2; drive 5.34h tier A -0.5; [PA flag: Rental License, Certificate of Rental Suitability, lead-safe certification, Eviction Diversion 30-day wait]","R .76 D+ / A .66 C- / B .32 B / V .76 D+; M D-, D D- (9/30)","R .76 D+ / A .66 C- / B .32 B / V .76 D+; M D-, D D- (9/30)"
w82,"16523 Kipling Ave, Cleveland, OH 44110",ACTIVE (for sale),"event, why",-0.2,-0.2,6.8,6.8,1.36,1.36,weekly sweep 2026-09-28 ENTRANT UNREVIEWED [ohio] | OUT (crime) applied 2026-10-04: Robbery F; across the street: no other block group within 15 m (the rule then needs none) (memo 69 section 4.4),weekly sweep 2026-09-28 OUT (crime) (was ENTRANT; re-scored 2026-10-04 on listing text) UNREVIEWED [ohio] | OUT (crime) applied 2026-10-04: Robbery F; across the street: no other block group within 15 m (the rule then needs none) (memo 69 section 4.4),YELLOW -4; crime R .93 F -2.5; drive 8.6h tier C -0.5; zip letter F retired 9/30,YELLOW -4; crime R .93 F -2.5; drive 8.6h tier C -0.5,"R .93 F / A .99 F / B .98 F / V .99 F; M F, D F (9/30)","R .93 F / A .99 F / B .98 F / V .99 F; M F, D F (9/30)"
w146,"650 Ardmore Blvd, Pittsburgh, PA 15221",ACTIVE (for sale),why,-0.3,-0.3,5.4,5.4,1.29,1.29,weekly sweep 2026-09-30 ENTRANT UNREVIEWED [pitt],weekly sweep 2026-09-30 ENTRANT UNREVIEWED [pitt],YELLOW -4; drive 6.38h tier B -0.5; crime R .76 D+ -1.2; zip letter C- retired 9/30,YELLOW -4; crime R .76 D+ -1.2; drive 6.38h tier B -0.5,"R .76 D+ / A .89 D- / B .87 D- / V .90 D-; M D, D C+ (9/30)","R .76 D+ / A .89 D- / B .87 D- / V .90 D-; M D, D C+ (9/30)"
w90,"4236 Aldine St, Philadelphia, PA 19136",ACTIVE (for sale),why,-0.3,-0.3,4.2,4.2,1.22,1.22,weekly sweep 2026-09-29 ENTRANT UNREVIEWED [phila],weekly sweep 2026-09-29 ENTRANT UNREVIEWED [phila],"YELLOW -4; drive 5.35h tier A -0.5; [PA flag: Rental License, Certificate of Rental Suitability, lead-safe certification, Eviction Diversion 30-day wait]; zip letter B- retired 9/30","YELLOW -4; crime R .54 C 0; drive 5.35h tier A -0.5; [PA flag: Rental License, Certificate of Rental Suitability, lead-safe certification, Eviction Diversion 30-day wait]","R .54 C / A .66 C- / B .27 B+ / V .76 D+; M D, D F (9/30)","R .54 C / A .66 C- / B .27 B+ / V .76 D+; M D, D F (9/30)"
w88,"14A 14B Oak St, Jenkins Township, PA 18640",ACTIVE (for sale),why,-0.6,-0.6,3.9,3.9,1.21,1.21,weekly sweep 2026-09-29 ENTRANT UNREVIEWED [phila],weekly sweep 2026-09-29 ENTRANT UNREVIEWED [phila],YELLOW -4; drive 6.65h tier B -0.5; zip letter C+ retired 9/30,YELLOW -4; crime R .18 A- 0; drive 6.65h tier B -0.5,"R .18 A- / A .42 B- / B .21 A- / V .62 C-; M B, D C (9/30)","R .18 A- / A .42 B- / B .21 A- / V .62 C-; M B, D C (9/30)"
w69,"206 Ingram Ave SW, Canton, OH 44710",ACTIVE (for sale),why,-0.7,-0.7,5.6,5.6,1.3,1.3,weekly sweep 2026-09-28 ENTRANT UNREVIEWED [ohio],weekly sweep 2026-09-28 ENTRANT UNREVIEWED [ohio],YELLOW -4; crime R .85 D -1.8; drive 8.29h tier C -0.5; zip letter D retired 9/30,YELLOW -4; crime R .85 D -1.8; drive 8.29h tier C -0.5,"R .85 D / A .61 C / B .90 D- / V .93 F; M D, D D (9/30)","R .85 D / A .61 C / B .90 D- / V .93 F; M D, D D (9/30)"
w77,"9110 Jeffries Ave, Cleveland, OH 44105",ACTIVE (for sale),"event, why",-0.9,-0.9,6.1,6.1,1.33,1.33,weekly sweep 2026-09-28 ENTRANT UNREVIEWED [ohio] | OUT (crime) applied 2026-10-04: Robbery F; across the street: no other block group within 15 m (the rule then needs none) (memo 69 section 4.4),weekly sweep 2026-09-28 OUT (crime) (was ENTRANT; re-scored 2026-10-04 on tract contract rent x 2) UNREVIEWED [ohio] | OUT (crime) applied 2026-10-04: Robbery F; across the street: no other block group within 15 m (the rule then needs none) (memo 69 section 4.4),YELLOW -4; crime R .94 F -2.5; drive 8.34h tier C -0.5; zip letter F retired 9/30,YELLOW -4; crime R .94 F -2.5; drive 8.34h tier C -0.5,"R .94 F / A .82 D / B .90 D- / V .82 D; M F, D D (9/30)","R .94 F / A .82 D / B .90 D- / V .82 D; M F, D D (9/30)"
w67,"1433 Kenmore Blvd, Akron, OH 44314",ACTIVE (for sale),why,-1.0,-1.0,5.7,5.7,1.3,1.3,weekly sweep 2026-09-28 ENTRANT UNREVIEWED [ohio],weekly sweep 2026-09-28 ENTRANT UNREVIEWED [ohio],YELLOW -4; crime R .90 D- -2.2; drive 8.14h tier C -0.5; zip letter D- retired 9/30,YELLOW -4; crime R .90 D- -2.2; drive 8.14h tier C -0.5,"R .90 D- / A .78 D / B .93 F / V .80 D; M D-, D D (9/30)","R .90 D- / A .78 D / B .93 F / V .80 D; M D-, D D (9/30)"
w132,"540 W Chestnut St, Washington, PA 15301",ACTIVE (for sale),why,-1.2,-1.2,4.1,4.1,1.22,1.22,weekly sweep 2026-09-30 ENTRANT UNREVIEWED [pitt],weekly sweep 2026-09-30 ENTRANT UNREVIEWED [pitt],YELLOW -4; drive 6.48h tier B -0.5; crime R .71 D+ -0.8; zip letter B retired 9/30,YELLOW -4; crime R .71 D+ -0.8; drive 6.48h tier B -0.5,"R .71 D+ / A .57 C / B .84 D / V .77 D; M D, D F (9/30)","R .71 D+ / A .57 C / B .84 D / V .77 D; M D, D F (9/30)"
w73,"9816 Manor Ave, Cleveland, OH 44104",ACTIVE (status unverified),"event, why",-2.0,-2.0,3.2,3.2,1.17,1.17,weekly sweep 2026-09-28 ENTRANT UNREVIEWED [ohio] | OUT (crime) applied 2026-10-04: Robbery F; across the street: 02002 F at 6 m (memo 69 section 4.4),weekly sweep 2026-09-28 OUT (crime) (was ENTRANT; re-scored 2026-10-04 on tract contract rent x 2) UNREVIEWED [ohio] | OUT (crime) applied 2026-10-04: Robbery F; across the street: 02002 F at 6 m (memo 69 section 4.4),crime R .95 F -2.7; drive 8.42h tier C -0.5; DSCR 1.17 -2; zip letter F retired 9/30,crime R .95 F -2.7; drive 8.42h tier C -0.5; DSCR 1.17 -2,"R .95 F / A .99 F / B .98 F / V .93 F; M F, D F (9/30)","R .95 F / A .99 F / B .98 F / V .93 F; M F, D F (9/30)"
w134,"53 Carrick Ave, Pittsburgh, PA 15210",ACTIVE (for sale),why,-2.1,-2.1,4.6,4.6,1.25,1.25,weekly sweep 2026-09-30 ENTRANT UNREVIEWED [pitt],weekly sweep 2026-09-30 ENTRANT UNREVIEWED [pitt],YELLOW -4; drive 6.6h tier B -0.5; crime R .90 D- -2.2; zip letter C- retired 9/30,YELLOW -4; crime R .90 D- -2.2; drive 6.6h tier B -0.5,"R .90 D- / A .79 D / B .94 F / V .95 F; M D, D D (9/30)","R .90 D- / A .79 D / B .94 F / V .95 F; M D, D D (9/30)"
w68,"3446 E 125th St, Cleveland, OH 44120",ACTIVE (for sale),"event, score, coc_6.75, dscr, why",1.2,-2.5,4.6,2.9,1.25,1.15,weekly sweep 2026-09-28 ENTRANT UNREVIEWED [ohio] | OUT (crime) applied 2026-10-04: Robbery F; across the street: no other block group within 15 m (the rule then needs none) (memo 69 section 4.4),weekly sweep 2026-09-28 OUT (crime) (was ENTRANT; re-scored 2026-10-04 on tract contract rent x 2) UNREVIEWED [ohio] | OUT (crime) applied 2026-10-04: Robbery F; across the street: no other block group within 15 m (the rule then needs none) (memo 69 section 4.4),crime R .98 F -2.9; drive 8.39h tier C -0.5; zip letter D- retired 9/30,crime R .98 F -2.9; drive 8.39h tier C -0.5; DSCR 1.15 -2,"R .98 F / A .96 F / B .99 F / V .96 F; M F, D F (9/30)","R .98 F / A .96 F / B .99 F / V .96 F; M F, D F (9/30)"
w122,"107 Maryland Ave, Pittsburgh, PA 15209",ACTIVE (for sale),why,-2.7,-2.7,2.0,2.0,1.11,1.11,weekly sweep 2026-09-30 ENTRANT UNREVIEWED [pitt],weekly sweep 2026-09-30 ENTRANT UNREVIEWED [pitt],drive 6.63h tier B -0.5; DSCR 1.11 -2; crime R .89 D- -2.2; zip letter C+ retired 9/30,crime R .89 D- -2.2; drive 6.63h tier B -0.5; DSCR 1.11 -2,"R .89 D- / A .93 F / B .95 F / V .95 F; M D-, D F (9/30)","R .89 D- / A .93 F / B .95 F / V .95 F; M D-, D F (9/30)"
w102,"14 E Railroad St, Plymouth, PA 18651",ACTIVE (for sale),why,-4.2,-4.2,2.3,2.3,1.12,1.12,weekly sweep 2026-09-29 ENTRANT UNREVIEWED [phila],weekly sweep 2026-09-29 ENTRANT UNREVIEWED [phila],YELLOW -4; drive 6.58h tier B -0.5; DSCR 1.12 -2; zip letter B- retired 9/30,YELLOW -4; crime R .60 C 0; drive 6.58h tier B -0.5; DSCR 1.12 -2,"R .60 C / A .90 D- / B .95 F / V .82 D; M C, D C+ (9/30)","R .60 C / A .90 D- / B .95 F / V .82 D; M C, D C+ (9/30)"
w140,"310 Linden St, Vandergrift, PA 15690",ACTIVE (status unverified),why,-4.4,-4.4,2.1,2.1,1.11,1.11,weekly sweep 2026-09-30 ENTRANT UNREVIEWED [pitt],weekly sweep 2026-09-30 ENTRANT UNREVIEWED [pitt],YELLOW -4; drive 6.58h tier B -0.5; DSCR 1.11 -2; zip letter A- retired 9/30,YELLOW -4; crime R .32 B 0; drive 6.58h tier B -0.5; DSCR 1.11 -2,"R .32 B / A .79 D / B .27 B+ / V .75 D+; M D+, D B (9/30)","R .32 B / A .79 D / B .27 B+ / V .75 D+; M D+, D B (9/30)"
w94,"7317 E Walnut Ln, Philadelphia, PA 19138",ACTIVE (for sale),why,-4.4,-4.4,2.1,2.1,1.11,1.11,weekly sweep 2026-09-29 ENTRANT UNREVIEWED [phila],weekly sweep 2026-09-29 ENTRANT UNREVIEWED [phila],"YELLOW -4; drive 5.36h tier A -0.5; DSCR 1.11 -2; [PA flag: Rental License, Certificate of Rental Suitability, lead-safe certification, Eviction Diversion 30-day wait]; zip letter C retired 9/30","YELLOW -4; crime R .40 B- 0; drive 5.36h tier A -0.5; DSCR 1.11 -2; [PA flag: Rental License, Certificate of Rental Suitability, lead-safe certification, Eviction Diversion 30-day wait]","R .40 B- / A .64 C- / B .00 A+ / V .74 D+; M D, D D (9/30)","R .40 B- / A .64 C- / B .00 A+ / V .74 D+; M D, D D (9/30)"
w141,"949 W Pike St, Clarksburg, WV 26301",ACTIVE (for sale),why,-4.5,-4.5,2.0,2.0,1.11,1.11,weekly sweep 2026-09-30 ENTRANT UNREVIEWED [pitt],weekly sweep 2026-09-30 ENTRANT UNREVIEWED [pitt],YELLOW -4; drive 5.86h tier B -0.5; DSCR 1.11 -2; crime R .34 B 0; zip letter B- retired 9/30,YELLOW -4; crime R .34 B 0; drive 5.86h tier B -0.5; DSCR 1.11 -2,"R .34 B / A .60 C / B .90 D- / V .78 D; M D+, D D+ (10/4)","R .34 B / A .60 C / B .90 D- / V .78 D; M D+, D D+ (10/4)"
w93,"319 E Essex Ave, Lansdowne, PA 19050",ACTIVE (for sale),why,-4.6,-4.6,3.7,3.7,1.2,1.2,weekly sweep 2026-09-29 ENTRANT UNREVIEWED [phila],weekly sweep 2026-09-29 ENTRANT UNREVIEWED [phila],YELLOW -4; drive 5.08h tier A -0.5; DSCR 1.20 -2; crime R .85 D -1.8; zip letter C- retired 9/30,YELLOW -4; crime R .85 D -1.8; drive 5.08h tier A -0.5; DSCR 1.20 -2,"R .85 D / A .90 D- / B .69 D+ / V .90 D-; M D, D C (9/30)","R .85 D / A .90 D- / B .69 D+ / V .90 D-; M D, D C (9/30)"
w107,"306 W Center St, Elmira, NY 14901",ACTIVE (status unverified),why,-4.8,-4.8,1.7,1.7,1.09,1.09,weekly sweep 2026-09-29 ENTRANT UNREVIEWED [phila],weekly sweep 2026-09-29 ENTRANT UNREVIEWED [phila],YELLOW -4; crime R .16 A- 0; drive 7.84h tier B -0.5; DSCR 1.09 -2; zip letter D retired 9/30,YELLOW -4; crime R .16 A- 0; drive 7.84h tier B -0.5; DSCR 1.09 -2,"R .16 A- / A .61 C / B .85 D / V .18 A-; M C, D A+ (9/30)","R .16 A- / A .61 C / B .85 D / V .18 A-; M C, D A+ (9/30)"
w103,"14 14 Rear Railroad St, Plymouth, PA 18651",ACTIVE (for sale),why,-5.2,-5.2,2.3,2.3,1.12,1.12,weekly sweep 2026-09-29 ENTRANT UNREVIEWED [phila],weekly sweep 2026-09-29 ENTRANT UNREVIEWED [phila],YELLOW -4; drive 6.58h tier B -0.5; flood 6 -1; DSCR 1.12 -2; crime R .60 C 0; zip letter B- retired 9/30,YELLOW -4; crime R .60 C 0; drive 6.58h tier B -0.5; flood 6 -1; DSCR 1.12 -2,"R .60 C / A .90 D- / B .95 F / V .82 D; M C, D C+ (10/2)","R .60 C / A .90 D- / B .95 F / V .82 D; M C, D C+ (10/2)"
w91,"134 N 53rd St, Philadelphia, PA 19139",ACTIVE (for sale),"event, score, coc_6.75, dscr, why",-2.2,-5.5,5.0,3.7,1.27,1.2,weekly sweep 2026-09-29 ENTRANT UNREVIEWED [phila] | OUT (crime) applied 2026-10-04: Robbery F; across the street: no other block group within 15 m (the rule then needs none) (memo 69 section 4.4),weekly sweep 2026-09-29 OUT (crime) (was ENTRANT; re-scored 2026-10-04 on tract contract rent x 2) UNREVIEWED [phila] | OUT (crime) applied 2026-10-04: Robbery F; across the street: no other block group within 15 m (the rule then needs none) (memo 69 section 4.4),"YELLOW -4; crime R .95 F -2.7; drive 5.15h tier A -0.5; [PA flag: Rental License, Certificate of Rental Suitability, lead-safe certification, Eviction Diversion 30-day wait]; zip letter D+ retired 9/30","YELLOW -4; crime R .95 F -2.7; drive 5.15h tier A -0.5; DSCR 1.20 -2; [PA flag: Rental License, Certificate of Rental Suitability, lead-safe certification, Eviction Diversion 30-day wait]","R .95 F / A .90 D- / B .66 C- / V .87 D-; M F, D F (9/30)","R .95 F / A .90 D- / B .66 C- / V .87 D-; M F, D F (9/30)"
w144,"116 Lafayette Ave, Niles, OH 44446",ACTIVE (for sale),why,-5.6,-5.6,0.9,0.9,1.05,1.05,weekly sweep 2026-09-30 ENTRANT UNREVIEWED [pitt],weekly sweep 2026-09-30 ENTRANT UNREVIEWED [pitt],YELLOW -4; drive 7.64h tier B -0.5; DSCR 1.05 -2; crime R .52 C+ 0; zip letter C- retired 9/30,YELLOW -4; crime R .52 C+ 0; drive 7.64h tier B -0.5; DSCR 1.05 -2,"R .52 C+ / A .19 A- / B .47 C+ / V .50 C+; M D+, D B- (10/4)","R .52 C+ / A .19 A- / B .47 C+ / V .50 C+; M D+, D B- (10/4)"
w100,"234 Mauch Chunk St, Tamaqua, PA 18252",ACTIVE (for sale),why,-6.1,-6.1,0.4,0.4,1.02,1.02,weekly sweep 2026-09-29 ENTRANT UNREVIEWED [phila],weekly sweep 2026-09-29 ENTRANT UNREVIEWED [phila],YELLOW -4; drive 6.06h tier B -0.5; DSCR 1.02 -2; zip letter A- retired 9/30,YELLOW -4; crime R .24 B+ 0; drive 6.06h tier B -0.5; DSCR 1.02 -2,"R .24 B+ / A .42 B- / B .18 A- / V .62 C-; M C, D A- (10/4)","R .24 B+ / A .42 B- / B .18 A- / V .62 C-; M C, D A- (10/4)"
w101,"2423 W Norris St, Philadelphia, PA 19121",ACTIVE (for sale),why,-6.2,-6.2,2.5,2.5,1.13,1.13,weekly sweep 2026-09-29 ENTRANT UNREVIEWED [phila],weekly sweep 2026-09-29 ENTRANT UNREVIEWED [phila],"YELLOW -4; drive 5.22h tier A -0.5; DSCR 1.13 -2; [PA flag: Rental License, Certificate of Rental Suitability, lead-safe certification, Eviction Diversion 30-day wait]; crime R .89 D- -2.2; zip letter C retired 9/30","YELLOW -4; crime R .89 D- -2.2; drive 5.22h tier A -0.5; DSCR 1.13 -2; [PA flag: Rental License, Certificate of Rental Suitability, lead-safe certification, Eviction Diversion 30-day wait]","R .89 D- / A .90 D- / B .82 D / V .78 D; M F, D D- (9/30)","R .89 D- / A .90 D- / B .82 D / V .78 D; M F, D D- (9/30)"
w92,"1967 Georgian Rd, Philadelphia, PA 19138",ACTIVE (for sale),why,-6.3,-6.3,2.5,2.5,1.14,1.14,weekly sweep 2026-09-29 ENTRANT UNREVIEWED [phila],weekly sweep 2026-09-29 ENTRANT UNREVIEWED [phila],"YELLOW -4; drive 5.36h tier A -0.5; DSCR 1.14 -2; [PA flag: Rental License, Certificate of Rental Suitability, lead-safe certification, Eviction Diversion 30-day wait]; crime R .91 D- -2.3; zip letter C retired 9/30","YELLOW -4; crime R .91 D- -2.3; drive 5.36h tier A -0.5; DSCR 1.14 -2; [PA flag: Rental License, Certificate of Rental Suitability, lead-safe certification, Eviction Diversion 30-day wait]","R .91 D- / A .86 D- / B .39 B- / V .93 F; M F, D F (9/30)","R .91 D- / A .86 D- / B .39 B- / V .93 F; M F, D F (9/30)"
w99,"315 E Essex Ave, Lansdowne, PA 19050",ACTIVE (for sale),why,-6.5,-6.5,1.8,1.8,1.1,1.1,weekly sweep 2026-09-29 ENTRANT UNREVIEWED [phila],weekly sweep 2026-09-29 ENTRANT UNREVIEWED [phila],YELLOW -4; drive 5.08h tier A -0.5; DSCR 1.10 -2; crime R .85 D -1.8; zip letter C- retired 9/30,YELLOW -4; crime R .85 D -1.8; drive 5.08h tier A -0.5; DSCR 1.10 -2,"R .85 D / A .90 D- / B .69 D+ / V .90 D-; M D, D C (9/30)","R .85 D / A .90 D- / B .69 D+ / V .90 D-; M D, D C (9/30)"
w129,"450 Jefferson Ave, Washington, PA 15301",ACTIVE (for sale),why,-6.5,-6.5,0.7,0.7,1.04,1.04,weekly sweep 2026-09-30 ENTRANT UNREVIEWED [pitt],weekly sweep 2026-09-30 ENTRANT UNREVIEWED [pitt],YELLOW -4; drive 6.48h tier B -0.5; DSCR 1.04 -2; crime R .69 D+ -0.7; zip letter B retired 9/30,YELLOW -4; crime R .69 D+ -0.7; drive 6.48h tier B -0.5; DSCR 1.04 -2,"R .69 D+ / A .57 C / B .54 C / V .64 C-; M D+, D D- (9/30)","R .69 D+ / A .57 C / B .54 C / V .64 C-; M D+, D D- (9/30)"
w108,"117 Helen St, Binghamton, NY 13905",ACTIVE (for sale),why,-6.6,-6.6,-0.1,-0.1,0.99,0.99,weekly sweep 2026-09-29 OUT (negative cash flow) (was ENTRANT; re-scored 2026-09-30 on tract contract rent x 2) UNREVIEWED [phila],weekly sweep 2026-09-29 OUT (negative cash flow) (was ENTRANT; re-scored 2026-09-30 on tract contract rent x 2) UNREVIEWED [phila],YELLOW -4; drive 7.86h tier B -0.5; DSCR 0.99 -2; [NY flag: Good Cause Eviction opted in 2025-04-02; rent increases above the lower of 10% or CPI + 5% presumptively unreasonable]; zip letter C retired 9/30,YELLOW -4; crime R .36 B 0; drive 7.86h tier B -0.5; DSCR 0.99 -2; [NY flag: Good Cause Eviction opted in 2025-04-02; rent increases above the lower of 10% or CPI + 5% presumptively unreasonable],"R .36 B / A .69 C- / B .93 F / V .43 B-; M F, D C+ (9/30)","R .36 B / A .69 C- / B .93 F / V .43 B-; M F, D C+ (9/30)"
w126,"803 6th St, New Brighton, PA 15066",ACTIVE (for sale),why,-6.7,-6.7,-0.2,-0.2,0.99,0.99,weekly sweep 2026-09-30 OUT (negative cash flow) (was ENTRANT; re-scored 2026-09-30 on tract contract rent x 2) UNREVIEWED [pitt],weekly sweep 2026-09-30 OUT (negative cash flow) (was ENTRANT; re-scored 2026-09-30 on tract contract rent x 2) UNREVIEWED [pitt],YELLOW -4; drive 7.01h tier B -0.5; DSCR 0.99 -2; crime R .32 B 0; zip letter B retired 9/30,YELLOW -4; crime R .32 B 0; drive 7.01h tier B -0.5; DSCR 0.99 -2,"R .32 B / A .64 C- / B .66 C- / V .64 C-; M D+, D C+ (10/4)","R .32 B / A .64 C- / B .66 C- / V .64 C-; M D+, D C+ (10/4)"
w120,"886 N Sharpsville Ave, Sharon, PA 16146",ACTIVE (for sale),why,-6.8,-6.8,-0.3,-0.3,0.98,0.98,weekly sweep 2026-09-30 OUT (negative cash flow) (was ENTRANT; re-scored 2026-09-30 on tract contract rent x 2) UNREVIEWED [pitt],weekly sweep 2026-09-30 OUT (negative cash flow) (was ENTRANT; re-scored 2026-09-30 on tract contract rent x 2) UNREVIEWED [pitt],YELLOW -4; drive 7.51h tier B -0.5; DSCR 0.98 -2; zip letter B- retired 9/30,YELLOW -4; crime R .42 B- 0; drive 7.51h tier B -0.5; DSCR 0.98 -2,"R .42 B- / A .47 C+ / B .30 B+ / V .45 B-; M C-, D A+ (9/30)","R .42 B- / A .47 C+ / B .30 B+ / V .45 B-; M C-, D A+ (9/30)"
w150,"408 15th St, New Brighton, PA 15066",ACTIVE (for sale),why,-6.8,-6.8,-0.3,-0.3,0.98,0.98,weekly sweep 2026-09-30 OUT (negative cash flow) (was ENTRANT; re-scored 2026-09-30 on tract contract rent x 2) UNREVIEWED [pitt],weekly sweep 2026-09-30 OUT (negative cash flow) (was ENTRANT; re-scored 2026-09-30 on tract contract rent x 2) UNREVIEWED [pitt],YELLOW -4; drive 7.01h tier B -0.5; DSCR 0.98 -2; crime R .24 B+ 0; zip letter B retired 9/30,YELLOW -4; crime R .24 B+ 0; drive 7.01h tier B -0.5; DSCR 0.98 -2,"R .24 B+ / A .74 D+ / B .69 D+ / V .62 C-; M D+, D C- (10/4)","R .24 B+ / A .74 D+ / B .69 D+ / V .62 C-; M D+, D C- (10/4)"
w147,"213 Rockwood Ave, Pittsburgh, PA 15221",ACTIVE (for sale),why,-7.0,-7.0,1.7,1.7,1.09,1.09,weekly sweep 2026-09-30 ENTRANT UNREVIEWED [pitt],weekly sweep 2026-09-30 ENTRANT UNREVIEWED [pitt],YELLOW -4; drive 6.38h tier B -0.5; DSCR 1.09 -2; crime R .90 D- -2.2; zip letter C- retired 9/30,YELLOW -4; crime R .90 D- -2.2; drive 6.38h tier B -0.5; DSCR 1.09 -2,"R .90 D- / A .98 F / B .93 F / V .93 F; M D-, D D+ (9/30)","R .90 D- / A .98 F / B .93 F / V .93 F; M D-, D D+ (9/30)"
w149,"220 Mercer St, Butler, PA 16001",ACTIVE (for sale),"crime, why",-7.0,-7.0,1.3,1.3,1.07,1.07,weekly sweep 2026-09-30 ENTRANT UNREVIEWED [pitt],weekly sweep 2026-09-30 ENTRANT UNREVIEWED [pitt],YELLOW -4; drive 7.0h tier B -0.5; DSCR 1.07 -2; crime R .84 D -1.8; zip letter C+ retired 9/30,YELLOW -4; crime R .84 D -1.8; drive 7.0h tier B -0.5; DSCR 1.07 -2,"R .84 D / A .47 C+ / B .89 D- / V .74 D+; M A, D D+ (9/30)","R .84 D / A .47 C+ / B .89 D- / V .74 D+; M C-, D D+ (10/4)"
w142,"1818 Mary St, Pittsburgh, PA 15203",ACTIVE (for sale),why,-7.1,-7.1,1.6,1.6,1.09,1.09,weekly sweep 2026-09-30 ENTRANT UNREVIEWED [pitt],weekly sweep 2026-09-30 ENTRANT UNREVIEWED [pitt],YELLOW -4; crime R .90 D- -2.2; drive 6.53h tier B -0.5; DSCR 1.09 -2; zip letter D+ retired 9/30,YELLOW -4; crime R .90 D- -2.2; drive 6.53h tier B -0.5; DSCR 1.09 -2,"R .90 D- / A .90 D- / B .89 D- / V .86 D-; M D+, D D (10/2)","R .90 D- / A .90 D- / B .89 D- / V .86 D-; M D+, D D (10/2)"
w95,"129 131 Summit St, Edwardsville, PA 18704",ACTIVE (for sale),why,-7.2,-7.2,-0.7,-0.7,0.96,0.96,weekly sweep 2026-09-29 OUT (negative cash flow) (was ENTRANT; re-scored 2026-09-30 on tract contract rent x 2) UNREVIEWED [phila],weekly sweep 2026-09-29 OUT (negative cash flow) (was ENTRANT; re-scored 2026-09-30 on tract contract rent x 2) UNREVIEWED [phila],YELLOW -4; drive 6.59h tier B -0.5; DSCR 0.96 -2; zip letter C retired 9/30,YELLOW -4; crime R .54 C 0; drive 6.59h tier B -0.5; DSCR 0.96 -2,"R .54 C / A .74 D+ / B .78 D / V .91 D-; M B-, D D (9/30)","R .54 C / A .74 D+ / B .78 D / V .91 D-; M B-, D D (9/30)"
w96,"129 Summit St, Edwardsville, PA 18704",ACTIVE (for sale),why,-7.2,-7.2,-0.7,-0.7,0.96,0.96,weekly sweep 2026-09-29 OUT (negative cash flow) (was ENTRANT; re-scored 2026-09-30 on tract contract rent x 2) UNREVIEWED [phila],weekly sweep 2026-09-29 OUT (negative cash flow) (was ENTRANT; re-scored 2026-09-30 on tract contract rent x 2) UNREVIEWED [phila],YELLOW -4; drive 6.59h tier B -0.5; DSCR 0.96 -2; zip letter C retired 9/30,YELLOW -4; crime R .54 C 0; drive 6.59h tier B -0.5; DSCR 0.96 -2,"R .54 C / A .74 D+ / B .78 D / V .91 D-; M B-, D D (9/30)","R .54 C / A .74 D+ / B .78 D / V .91 D-; M B-, D D (9/30)"
w106,"430 Loder St, Waverly, NY 14892",ACTIVE (for sale),why,-7.3,-7.3,-0.8,-0.8,0.96,0.96,weekly sweep 2026-09-29 OUT (negative cash flow) (was ENTRANT; re-scored 2026-09-30 on tract contract rent x 2) UNREVIEWED [phila],weekly sweep 2026-09-29 OUT (negative cash flow) (was ENTRANT; re-scored 2026-09-30 on tract contract rent x 2) UNREVIEWED [phila],YELLOW -4; drive 7.58h tier B -0.5; DSCR 0.96 -2; zip letter B+ retired 9/30,YELLOW -4; crime R .16 A- 0; drive 7.58h tier B -0.5; DSCR 0.96 -2,"R .16 A- / A .61 C / B .79 D / V .45 B-; M C-, D D+ (9/30)","R .16 A- / A .61 C / B .79 D / V .45 B-; M C-, D D+ (9/30)"
w133,"1739 Kimball Ave, Arnold, PA 15068",ACTIVE (for sale),why,-7.5,-7.5,-1.0,-1.0,0.95,0.95,weekly sweep 2026-09-30 OUT (negative cash flow) (was ENTRANT; re-scored 2026-09-30 on tract contract rent x 2) UNREVIEWED [pitt],weekly sweep 2026-09-30 OUT (negative cash flow) (was ENTRANT; re-scored 2026-09-30 on tract contract rent x 2) UNREVIEWED [pitt],YELLOW -4; drive 6.56h tier B -0.5; DSCR 0.95 -2; zip letter B retired 9/30,YELLOW -4; crime R .39 B- 0; drive 6.56h tier B -0.5; DSCR 0.95 -2,"R .39 B- / A .71 D+ / B .60 C / V .57 C; M D+, D A- (9/30)","R .39 B- / A .71 D+ / B .60 C / V .57 C; M D+, D A- (9/30)"
w97,"1013 Grant Ct, Dickson City, PA 18519",ACTIVE (for sale),why,-7.5,-7.5,-0.0,-0.0,1.0,1.0,weekly sweep 2026-09-29 OUT (negative cash flow) (was ENTRANT; re-scored 2026-09-30 on tract contract rent x 2) UNREVIEWED [phila],weekly sweep 2026-09-29 OUT (negative cash flow) (was ENTRANT; re-scored 2026-09-30 on tract contract rent x 2) UNREVIEWED [phila],YELLOW -4; crime R .54 C 0; drive 6.77h tier B -0.5; flood 9 -1; DSCR 1.00 -2; zip letter D retired 9/30,YELLOW -4; crime R .54 C 0; drive 6.77h tier B -0.5; flood 9 -1; DSCR 1.00 -2,"R .54 C / A .57 C / B .77 D / V .66 C-; M C+, D F (9/30)","R .54 C / A .57 C / B .77 D / V .66 C-; M C+, D F (9/30)"
w86,"2014 E Clearfield St, Philadelphia, PA 19134",ACTIVE (for sale),"event, score, coc_6.75, dscr, why",-6.3,-7.6,3.1,1.8,1.16,1.1,weekly sweep 2026-09-29 ENTRANT UNREVIEWED [phila] | OUT (crime) applied 2026-10-04: Robbery F; across the street: no other block group within 15 m (the rule then needs none) (memo 69 section 4.4),weekly sweep 2026-09-29 OUT (crime) (was ENTRANT; re-scored 2026-10-04 on tract contract rent x 2) UNREVIEWED [phila] | OUT (crime) applied 2026-10-04: Robbery F; across the street: no other block group within 15 m (the rule then needs none) (memo 69 section 4.4),"YELLOW -4; crime R .99 F -2.9; drive 5.22h tier A -0.5; DSCR 1.16 -2; [PA flag: Rental License, Certificate of Rental Suitability, lead-safe certification, Eviction Diversion 30-day wait]; zip letter D retired 9/30","YELLOW -4; crime R .99 F -2.9; drive 5.22h tier A -0.5; DSCR 1.10 -2; [PA flag: Rental License, Certificate of Rental Suitability, lead-safe certification, Eviction Diversion 30-day wait]","R .99 F / A .95 F / B .78 D / V .80 D; M F, D F (9/30)","R .99 F / A .95 F / B .78 D / V .80 D; M F, D F (9/30)"
w127,"114-114 1/2 I St, Johnstown, PA 15906",ACTIVE (status unverified),why,-7.6,-7.6,0.8,0.8,1.04,1.04,weekly sweep 2026-09-30 ENTRANT UNREVIEWED [pitt],weekly sweep 2026-09-30 ENTRANT UNREVIEWED [pitt],YELLOW -4; drive 5.7h tier B -0.5; DSCR 1.04 -2; crime R .86 D- -1.9; zip letter B- retired 9/30,YELLOW -4; crime R .86 D- -1.9; drive 5.7h tier B -0.5; DSCR 1.04 -2,"R .86 D- / A .80 D / B .94 F / V .81 D; M D, D B (9/30)","R .86 D- / A .80 D / B .94 F / V .81 D; M D, D B (9/30)"
w139,"189 Sherman Ave, Vandergrift, PA 15690",ACTIVE (for sale),why,-7.8,-7.8,-0.5,-0.5,0.97,0.97,weekly sweep 2026-09-30 OUT (negative cash flow) (was ENTRANT; re-scored 2026-09-30 on tract contract rent x 2) UNREVIEWED [pitt],weekly sweep 2026-09-30 OUT (negative cash flow) (was ENTRANT; re-scored 2026-09-30 on tract contract rent x 2) UNREVIEWED [pitt],YELLOW -4; drive 6.58h tier B -0.5; DSCR 0.97 -2; crime R .71 D+ -0.8; zip letter A- retired 9/30,YELLOW -4; crime R .71 D+ -0.8; drive 6.58h tier B -0.5; DSCR 0.97 -2,"R .71 D+ / A .18 A- / B .86 D- / V .28 B+; M D+, D C (9/30)","R .71 D+ / A .18 A- / B .86 D- / V .28 B+; M D+, D C (9/30)"
w124,"258 E Warrington Ave, Pittsburgh, PA 15210",ACTIVE (for sale),"score, coc_6.75, dscr, why",-7.2,-8.5,1.8,0.5,1.1,1.03,weekly sweep 2026-09-30 ENTRANT UNREVIEWED [pitt],weekly sweep 2026-09-30 ENTRANT UNREVIEWED [pitt],YELLOW -4; drive 6.6h tier B -0.5; DSCR 1.10 -2; crime R .93 F -2.5; zip letter C- retired 9/30,YELLOW -4; crime R .93 F -2.5; drive 6.6h tier B -0.5; DSCR 1.03 -2,"R .93 F / A .93 F / B .98 F / V .93 F; M F, D D- (9/30)","R .93 F / A .93 F / B .98 F / V .93 F; M F, D D- (9/30)"
w137,"310 Harrison Ave, Jeannette, PA 15644",ACTIVE (for sale),why,-8.5,-8.5,-2.0,-2.0,0.9,0.9,weekly sweep 2026-09-30 OUT (negative cash flow) (was ENTRANT; re-scored 2026-09-30 on tract contract rent x 2) UNREVIEWED [pitt],weekly sweep 2026-09-30 OUT (negative cash flow) (was ENTRANT; re-scored 2026-09-30 on tract contract rent x 2) UNREVIEWED [pitt],YELLOW -4; drive 6.13h tier B -0.5; DSCR 0.90 -2; zip letter A- retired 9/30,YELLOW -4; crime R .57 C 0; drive 6.13h tier B -0.5; DSCR 0.90 -2,"R .57 C / A .64 C- / B .79 D / V .48 C+; M D+, D A+ (9/30)","R .57 C / A .64 C- / B .79 D / V .48 C+; M D+, D A+ (9/30)"
w145,"519-521 1st St, Charleroi, PA 15022",ACTIVE (for sale),why,-8.7,-8.7,-1.2,-1.2,0.94,0.94,weekly sweep 2026-09-30 OUT (negative cash flow) (was ENTRANT; re-scored 2026-09-30 on tract contract rent x 2) UNREVIEWED [pitt],weekly sweep 2026-09-30 OUT (negative cash flow) (was ENTRANT; re-scored 2026-09-30 on tract contract rent x 2) UNREVIEWED [pitt],YELLOW -4; drive 6.19h tier B -0.5; DSCR 0.94 -2; crime R .74 D+ -1.0; zip letter C+ retired 9/30,YELLOW -4; crime R .74 D+ -1.0; drive 6.19h tier B -0.5; DSCR 0.94 -2,"R .74 D+ / A .66 C- / B .66 C- / V .41 B-; M D+, D B+ (9/30)","R .74 D+ / A .66 C- / B .66 C- / V .41 B-; M D+, D B+ (9/30)"
w79,"13305 Ferris Ave, Cleveland, OH 44105",ACTIVE (for sale),"event, why",-9.2,-9.2,0.2,0.2,1.01,1.01,weekly sweep 2026-09-28 ENTRANT UNREVIEWED [ohio] | OUT (crime) applied 2026-10-04: Robbery F; across the street: no other block group within 15 m (the rule then needs none) (memo 69 section 4.4),weekly sweep 2026-09-28 OUT (crime) (was ENTRANT; re-scored 2026-10-04 on tract contract rent x 2) UNREVIEWED [ohio] | OUT (crime) applied 2026-10-04: Robbery F; across the street: no other block group within 15 m (the rule then needs none) (memo 69 section 4.4),YELLOW -4; crime R .99 F -2.9; drive 8.34h tier C -0.5; DSCR 1.01 -2; zip letter F retired 9/30,YELLOW -4; crime R .99 F -2.9; drive 8.34h tier C -0.5; DSCR 1.01 -2,"R .99 F / A .90 D- / B .99 F / V .96 F; M F, D F (9/30)","R .99 F / A .90 D- / B .99 F / V .96 F; M F, D F (9/30)"
w104,"13 Holland St, Binghamton, NY 13905",ACTIVE (for sale),why,-9.3,-9.3,-1.4,-1.4,0.92,0.92,weekly sweep 2026-09-29 OUT (negative cash flow) (was ENTRANT; re-scored 2026-09-30 on tract contract rent x 2) UNREVIEWED [phila],weekly sweep 2026-09-29 OUT (negative cash flow) (was ENTRANT; re-scored 2026-09-30 on tract contract rent x 2) UNREVIEWED [phila],YELLOW -4; drive 7.86h tier B -0.5; DSCR 0.92 -2; [NY flag: Good Cause Eviction opted in 2025-04-02; rent increases above the lower of 10% or CPI + 5% presumptively unreasonable]; crime R .78 D -1.4; zip letter C retired 9/30,YELLOW -4; crime R .78 D -1.4; drive 7.86h tier B -0.5; DSCR 0.92 -2; [NY flag: Good Cause Eviction opted in 2025-04-02; rent increases above the lower of 10% or CPI + 5% presumptively unreasonable],"R .78 D / A .93 F / B .96 F / V .50 C+; M F, D C+ (9/30)","R .78 D / A .93 F / B .96 F / V .50 C+; M F, D C+ (9/30)"
w109,"6198 State Route 17c, Endicott, NY 13760",ACTIVE (for sale),why,-9.3,-9.3,-2.8,-2.8,0.85,0.85,weekly sweep 2026-09-29 OUT (negative cash flow) (was ENTRANT; re-scored 2026-09-30 on tract contract rent x 2) UNREVIEWED [phila],weekly sweep 2026-09-29 OUT (negative cash flow) (was ENTRANT; re-scored 2026-09-30 on tract contract rent x 2) UNREVIEWED [phila],YELLOW -4; drive 8.11h tier C -0.5; DSCR 0.85 -2; crime R .14 A 0; zip letter C+ retired 9/30,YELLOW -4; crime R .14 A 0; drive 8.11h tier C -0.5; DSCR 0.85 -2,"R .14 A / A .16 A- / B .60 C / V .11 A; M A, D A- (10/2)","R .14 A / A .16 A- / B .60 C / V .11 A; M A, D A- (10/2)"
w112,"297 E 2nd St, Corning, NY 14830",ACTIVE (for sale),why,-9.3,-9.3,-2.8,-2.8,0.85,0.85,weekly sweep 2026-09-29 OUT (negative cash flow) (was ENTRANT; re-scored 2026-09-30 on tract contract rent x 2) UNREVIEWED [phila],weekly sweep 2026-09-29 OUT (negative cash flow) (was ENTRANT; re-scored 2026-09-30 on tract contract rent x 2) UNREVIEWED [phila],YELLOW -4; drive 7.77h tier B -0.5; DSCR 0.85 -2; zip letter A retired 9/30,YELLOW -4; crime R .09 A 0; drive 7.77h tier B -0.5; DSCR 0.85 -2,"R .09 A / A .01 A+ / B .07 A+ / V .15 A; M B+, D B+ (9/30)","R .09 A / A .01 A+ / B .07 A+ / V .15 A; M B+, D B+ (9/30)"
w143,"1600 Mcclure St, Homestead, PA 15120",ACTIVE (for sale),"event, score, coc_6.75, dscr, why",-8.9,-10.2,0.1,-1.2,1.01,0.94,weekly sweep 2026-09-30 ENTRANT UNREVIEWED [pitt],weekly sweep 2026-09-30 OUT (negative cash flow) (was ENTRANT; re-scored 2026-10-04 on tract contract rent x 2) UNREVIEWED [pitt],YELLOW -4; drive 6.52h tier B -0.5; DSCR 1.01 -2; crime R .94 F -2.5; zip letter C- retired 9/30,YELLOW -4; crime R .94 F -2.5; drive 6.52h tier B -0.5; DSCR 0.94 -2,"R .94 F / A .93 F / B .93 F / V .69 D+; M F, D D (10/4)","R .94 F / A .93 F / B .93 F / V .69 D+; M F, D D (10/4)"
w148,"604 Centennial St, New Castle, PA 16101",ACTIVE (for sale),why,-10.5,-10.5,-3.8,-3.8,0.8,0.8,weekly sweep 2026-09-30 OUT (negative cash flow) (was ENTRANT; re-scored 2026-09-30 on tract contract rent x 2) UNREVIEWED [pitt],weekly sweep 2026-09-30 OUT (negative cash flow) (was ENTRANT; re-scored 2026-09-30 on tract contract rent x 2) UNREVIEWED [pitt],YELLOW -4; drive 7.18h tier B -0.5; DSCR 0.80 -2; crime R .62 C- -0.2; zip letter B retired 9/30,YELLOW -4; crime R .62 C- -0.2; drive 7.18h tier B -0.5; DSCR 0.80 -2,"R .62 C- / A .64 C- / B .81 D / V .54 C; M D, D B- (9/30)","R .62 C- / A .64 C- / B .81 D / V .54 C; M D, D B- (9/30)"
w111,"61 Lake Ave Ave #2, Binghamton, NY 13905",ACTIVE (for sale),why,-10.6,-10.6,-3.1,-3.1,0.84,0.84,weekly sweep 2026-09-29 OUT (negative cash flow) (was ENTRANT; re-scored 2026-09-30 on tract contract rent x 2) UNREVIEWED [phila],weekly sweep 2026-09-29 OUT (negative cash flow) (was ENTRANT; re-scored 2026-09-30 on tract contract rent x 2) UNREVIEWED [phila],YELLOW -4; drive 7.86h tier B -0.5; flood 9 -1; DSCR 0.84 -2; [NY flag: Good Cause Eviction opted in 2025-04-02; rent increases above the lower of 10% or CPI + 5% presumptively unreasonable]; zip letter C retired 9/30,YELLOW -4; crime R .50 C+ 0; drive 7.86h tier B -0.5; flood 9 -1; DSCR 0.84 -2; [NY flag: Good Cause Eviction opted in 2025-04-02; rent increases above the lower of 10% or CPI + 5% presumptively unreasonable],"R .50 C+ / A .90 D- / B .95 F / V .52 C+; M D-, D B- (9/30)","R .50 C+ / A .90 D- / B .95 F / V .52 C+; M D-, D B- (9/30)"
w151,"302 Columbia St, Fairmont, WV 26554",ACTIVE (for sale),why,-10.9,-10.9,-3.2,-3.2,0.83,0.83,weekly sweep 2026-09-30 OUT (negative cash flow) (was ENTRANT; re-scored 2026-09-30 on tract contract rent x 2) UNREVIEWED [pitt],weekly sweep 2026-09-30 OUT (negative cash flow) (was ENTRANT; re-scored 2026-09-30 on tract contract rent x 2) UNREVIEWED [pitt],YELLOW -4; drive 6.11h tier B -0.5; DSCR 0.83 -2; crime R .76 D+ -1.2; zip letter B- retired 9/30,YELLOW -4; crime R .76 D+ -1.2; drive 6.11h tier B -0.5; DSCR 0.83 -2,"R .76 D+ / A .47 C+ / B .77 D / V .96 F; M F, D C- (9/30)","R .76 D+ / A .47 C+ / B .77 D / V .96 F; M F, D C- (9/30)"
w113,"84 Bigelow St, Binghamton, NY 13904",ACTIVE (for sale),why,-11.3,-11.3,-4.8,-4.8,0.74,0.74,weekly sweep 2026-09-29 OUT (negative cash flow) (was ENTRANT; re-scored 2026-09-30 on tract contract rent x 2) UNREVIEWED [phila],weekly sweep 2026-09-29 OUT (negative cash flow) (was ENTRANT; re-scored 2026-09-30 on tract contract rent x 2) UNREVIEWED [phila],YELLOW -4; crime R .47 C+ 0; drive 7.83h tier B -0.5; DSCR 0.74 -2; [NY flag: Good Cause Eviction opted in 2025-04-02; rent increases above the lower of 10% or CPI + 5% presumptively unreasonable]; zip letter D+ retired 9/30,YELLOW -4; crime R .47 C+ 0; drive 7.83h tier B -0.5; DSCR 0.74 -2; [NY flag: Good Cause Eviction opted in 2025-04-02; rent increases above the lower of 10% or CPI + 5% presumptively unreasonable],"R .47 C+ / A .90 D- / B .90 D- / V .17 A-; M C-, D B+ (9/30)","R .47 C+ / A .90 D- / B .90 D- / V .17 A-; M C-, D B+ (9/30)"
w136,"438 Watson St, Sharon, PA 16146",ACTIVE (for sale),why,-11.5,-11.5,-3.0,-3.0,0.84,0.84,weekly sweep 2026-09-30 OUT (negative cash flow) (was ENTRANT; re-scored 2026-09-30 on tract contract rent x 2) UNREVIEWED [pitt],weekly sweep 2026-09-30 OUT (negative cash flow) (was ENTRANT; re-scored 2026-09-30 on tract contract rent x 2) UNREVIEWED [pitt],YELLOW -4; drive 7.51h tier B -0.5; DSCR 0.84 -2; crime R .87 D- -2.0; zip letter B- retired 9/30,YELLOW -4; crime R .87 D- -2.0; drive 7.51h tier B -0.5; DSCR 0.84 -2,"R .87 D- / A .93 F / B .93 F / V .82 D; M D, D C+ (9/30)","R .87 D- / A .93 F / B .93 F / V .82 D; M D, D C+ (9/30)"
w105,"3862 N 6th St, Philadelphia, PA 19140",ACTIVE (for sale),why,-12.2,-12.2,-3.8,-3.8,0.8,0.8,weekly sweep 2026-09-29 OUT (negative cash flow) (was ENTRANT; re-scored 2026-09-30 on tract contract rent x 2) UNREVIEWED [phila],weekly sweep 2026-09-29 OUT (negative cash flow) (was ENTRANT; re-scored 2026-09-30 on tract contract rent x 2) UNREVIEWED [phila],"YELLOW -4; crime R .86 D- -1.9; drive 5.28h tier A -0.5; DSCR 0.80 -2; [PA flag: Rental License, Certificate of Rental Suitability, lead-safe certification, Eviction Diversion 30-day wait]; zip letter D retired 9/30","YELLOW -4; crime R .86 D- -1.9; drive 5.28h tier A -0.5; DSCR 0.80 -2; [PA flag: Rental License, Certificate of Rental Suitability, lead-safe certification, Eviction Diversion 30-day wait]","R .86 D- / A .74 D+ / B .47 C+ / V .75 D+; M F, D F (9/30)","R .86 D- / A .74 D+ / B .47 C+ / V .75 D+; M F, D F (9/30)"
w110,"234 E Mauch Chunk St, Tamaqua, PA 18252",ACTIVE (for sale),why,-12.4,-12.4,-5.9,-5.9,0.68,0.68,weekly sweep 2026-09-29 OUT (negative cash flow) (was ENTRANT; re-scored 2026-09-30 on tract contract rent x 2) UNREVIEWED [phila],weekly sweep 2026-09-29 OUT (negative cash flow) (was ENTRANT; re-scored 2026-09-30 on tract contract rent x 2) UNREVIEWED [phila],YELLOW -4; drive 6.06h tier B -0.5; DSCR 0.68 -2; zip letter A- retired 9/30,YELLOW -4; crime R .24 B+ 0; drive 6.06h tier B -0.5; DSCR 0.68 -2,"R .24 B+ / A .42 B- / B .18 A- / V .62 C-; M C, D A- (10/4)","R .24 B+ / A .42 B- / B .18 A- / V .62 C-; M C, D A- (10/4)"
w152,"1909 Woodmont Ave, Arnold, PA 15068",ACTIVE (for sale),why,-12.5,-12.5,-6.0,-6.0,0.68,0.68,weekly sweep 2026-09-30 NEAR-MISS UNREVIEWED [pitt],weekly sweep 2026-09-30 NEAR-MISS UNREVIEWED [pitt],"fails Gate 5: rent-to-price 0.85% < 0.95% (tier B bar); YELLOW -4; drive 6.56h tier B -0.5; DSCR 0.68 -2; stated rent $1,075 is under 0.73 of the tract gross figure x 2 ($1,924): confirm it covers both units; zip letter B retired 9/30","fails Gate 5: rent-to-price 0.85% < 0.95% (tier B bar); YELLOW -4; crime R .27 B+ 0; drive 6.56h tier B -0.5; DSCR 0.68 -2; stated rent $1,075 is under 0.73 of the tract gross figure x 2 ($1,924): confirm it covers both units","R .27 B+ / A .86 D- / B .52 C+ / V .66 C-; M D+, D B+ (9/30)","R .27 B+ / A .86 D- / B .52 C+ / V .66 C-; M D+, D B+ (9/30)"
w71,"4697 E 85th St, Garfield Heights, OH 44125",ACTIVE (for sale),why,-13.2,-13.2,-5.9,-5.9,0.68,0.68,weekly sweep 2026-09-28 OUT (negative cash flow) (was ENTRANT; re-scored 2026-09-30 on tract contract rent x 2) UNREVIEWED [ohio],weekly sweep 2026-09-28 OUT (negative cash flow) (was ENTRANT; re-scored 2026-09-30 on tract contract rent x 2) UNREVIEWED [ohio],YELLOW -4; crime R .71 D+ -0.8; drive 8.36h tier C -0.5; DSCR 0.68 -2; zip letter D retired 9/30,YELLOW -4; crime R .71 D+ -0.8; drive 8.36h tier C -0.5; DSCR 0.68 -2,"R .71 D+ / A .60 C / B .85 D / V .60 C; M D-, D D (9/30)","R .71 D+ / A .60 C / B .85 D / V .60 C; M D-, D D (9/30)"
w80,"2326 E 95th St, Cleveland, OH 44106",ACTIVE (for sale),"event, why",-13.5,-13.5,-4.1,-4.1,0.78,0.78,weekly sweep 2026-09-28 OUT (negative cash flow) (was ENTRANT; re-scored 2026-09-30 on tract contract rent x 2) UNREVIEWED [ohio] | OUT (crime) applied 2026-10-04: Robbery F; across the street: no other block group within 15 m (the rule then needs none) (memo 69 section 4.4),weekly sweep 2026-09-28 OUT (crime) (was OUT (negative cash flow); re-scored 2026-10-04 on tract contract rent x 2) (was ENTRANT; re-scored 2026-09-30 on tract contract rent x 2) UNREVIEWED [ohio] | OUT (crime) applied 2026-10-04: Robbery F; across the street: no other block group within 15 m (the rule then needs none) (memo 69 section 4.4),YELLOW -4; crime R .98 F -2.9; drive 8.51h tier C -0.5; DSCR 0.78 -2; zip letter F retired 9/30,YELLOW -4; crime R .98 F -2.9; drive 8.51h tier C -0.5; DSCR 0.78 -2,"R .98 F / A .98 F / B .95 F / V .95 F; M F, D F (9/30)","R .98 F / A .98 F / B .95 F / V .95 F; M F, D F (9/30)"
w81,"12501 Dove Ave, Cleveland, OH 44105",ACTIVE (for sale),why,-14.5,-14.5,-5.5,-5.5,0.7,0.7,weekly sweep 2026-09-28 OUT (negative cash flow) (was ENTRANT; re-scored 2026-09-30 on tract contract rent x 2) UNREVIEWED [ohio],weekly sweep 2026-09-28 OUT (negative cash flow) (was ENTRANT; re-scored 2026-09-30 on tract contract rent x 2) UNREVIEWED [ohio],YELLOW -4; crime R .93 F -2.5; drive 8.34h tier C -0.5; DSCR 0.70 -2; zip letter F retired 9/30,YELLOW -4; crime R .93 F -2.5; drive 8.34h tier C -0.5; DSCR 0.70 -2,"R .93 F / A .90 D- / B .96 F / V .80 D; M F, D D- (9/30)","R .93 F / A .90 D- / B .96 F / V .80 D; M F, D D- (9/30)"
w135,"508 Summers St, Parkersburg, WV 26101",CONTINGENT (2026-09-30),why,2.2,2.2,6.7,6.7,1.36,1.36,weekly sweep 2026-09-30 ENTRANT UNREVIEWED [pitt],weekly sweep 2026-09-30 ENTRANT UNREVIEWED [pitt],YELLOW -4; drive 7.05h tier B -0.5; zip letter C- retired 9/30,YELLOW -4; crime R .21 A- 0; drive 7.05h tier B -0.5,"R .21 A- / A .93 F / B .57 C / V .93 F; M D, D D (9/30)","R .21 A- / A .93 F / B .57 C / V .93 F; M D, D D (9/30)"
w64,"12500 Ferris Ave, Cleveland, OH 44105",CONTINGENT (2026-09-28),"event, why",1.4,1.4,8.4,8.4,1.45,1.45,weekly sweep 2026-09-28 ENTRANT UNREVIEWED [ohio],weekly sweep 2026-09-28 OUT (crime) (was ENTRANT; re-scored 2026-10-04 on tract contract rent x 2) UNREVIEWED [ohio],YELLOW -4; crime R .93 F -2.5; drive 8.34h tier C -0.5; zip letter F retired 9/30,YELLOW -4; crime R .93 F -2.5; drive 8.34h tier C -0.5,"R .93 F / A .93 F / B .94 F / V .84 D; M F, D D- (9/30)","R .93 F / A .93 F / B .94 F / V .84 D; M F, D D- (9/30)"
w70,"840 Work Dr, Akron, OH 44320",CONTINGENT (2026-09-28),"event, score, coc_6.75, dscr, why",1.6,-0.3,8.8,6.9,1.47,1.37,weekly sweep 2026-09-28 ENTRANT UNREVIEWED [ohio],weekly sweep 2026-09-28 OUT (crime) (was ENTRANT; re-scored 2026-10-04 on tract contract rent x 2) UNREVIEWED [ohio],YELLOW -4; crime R .96 F -2.7; drive 8.14h tier C -0.5; zip letter D- retired 9/30,YELLOW -4; crime R .96 F -2.7; drive 8.14h tier C -0.5,"R .96 F / A .93 F / B .95 F / V .93 F; M F, D D- (9/30)","R .96 F / A .93 F / B .95 F / V .93 F; M F, D D- (9/30)"
w131,"603 33rd St, Parkersburg, WV 26101",OFF MARKET (2026-10-01),why,-6.6,-6.6,2.2,2.2,1.12,1.12,weekly sweep 2026-09-30 ENTRANT UNREVIEWED [pitt] | off market (2026-10-01; was: ACTIVE (for sale)),weekly sweep 2026-09-30 ENTRANT UNREVIEWED [pitt] | off market (2026-10-01; was: ACTIVE (for sale)),YELLOW -4; drive 7.05h tier B -0.5; DSCR 1.12 -2; crime R .91 D- -2.3; zip letter C- retired 9/30,YELLOW -4; crime R .91 D- -2.3; drive 7.05h tier B -0.5; DSCR 1.12 -2,"R .91 D- / A .93 F / B .93 F / V .99 F; M F, D F (10/2)","R .91 D- / A .93 F / B .93 F / V .99 F; M F, D F (10/2)"
w98,"5137 Harlan St, Philadelphia, PA 19131",OFF MARKET (2026-10-01),"event, score, coc_6.75, dscr, why",-3.4,-6.7,4.0,2.7,1.21,1.14,weekly sweep 2026-09-29 ENTRANT UNREVIEWED [phila] | off market (2026-10-01; was: ACTIVE (for sale)),weekly sweep 2026-09-29 OUT (crime) (was ENTRANT; re-scored 2026-10-04 on tract contract rent x 2) UNREVIEWED [phila] | off market (2026-10-01; was: ACTIVE (for sale)),"YELLOW -4; crime R .98 F -2.9; drive 5.22h tier A -0.5; [PA flag: Rental License, Certificate of Rental Suitability, lead-safe certification, Eviction Diversion 30-day wait]; zip letter D+ retired 9/30","YELLOW -4; crime R .98 F -2.9; drive 5.22h tier A -0.5; DSCR 1.14 -2; [PA flag: Rental License, Certificate of Rental Suitability, lead-safe certification, Eviction Diversion 30-day wait]","R .98 F / A .96 F / B .99 F / V .99 F; M F, D F (9/30)","R .98 F / A .96 F / B .99 F / V .99 F; M F, D F (9/30)"
